7777777777777777777777777777777777777777777777777777777777777777777777777777777777777777777777777777777777777777777777777777777777777777777777777777777777777777777777777777777777777777777777777777777777777777777777777777777777777777777777777777777777777777777777777777777777777777777777777777777777777777777777777777777777777777777777777777777777777777777777777777777777777777777777777777777777777777777777777777777777777777777777777777777777777777777777777777777777777777777777777777777777777777777777777777777777777777777777777777777777777777777777777777777777777777777777777777777777777777777777777777777777777777777777777777777777777777
7777777777777777777777777777777777777777777777777777777777777777777777777777777777777777777777777777777777777777777777777777777777777777777777777777777777777777777777777777777777777777777777777777777777777777777777777777777777777777777777777777777777777777777777777777777777777777777777777777777777777777777777777777777777777777777777777777777777777777777777777777777777777777770877777777777777777777777777777777777777777777777777777777777777777777777777777777777777777777777777777777777777777777777777777777777777777777777777777777777777777777777777777777777777777777777777777777777777777777777777777777777777777777777777777777777777777777
7777777777777777777777777777777777777777777777777777777777777777777777777777777777777777777777777777777777777777777777777777777777777777777777777777777777777777777777777777777777777777777777777777777777777777777777777777777777777777777777777777777777777777777777777777777777777777777777777777777777777777777777777777777777777777777777777777777777777777777777777777777777777777800008777777777777777777777777777777777777777777777777777777777777777777777777777777777777777777777777777777777777777777777777777777777777777777777777777777777777777777777777777777777777777777777777777777777777777777777777777777777777777777777777777777777777777777
7777777777777777777777777777777777777777777777777777777777777777777777777777777777777777777777777777777777777777777777777777777777777777777777777777777777777777777777777777777777777777777777777777777777777777777777777777777777777777777777777777777777777777777777777777777777777777777777777777777777777777777777777777777777777777777777777777777777777777777777777777777777777778000080087777777777777777777777777777777777777777777777777777777777777777777777777777777777777777777777777777777777777777777777777777777777777777777777777777777777777777777777777777777777777777777777777777777777777777777777777777777777777777777777777777777777777777
7777777777777777777777777777777777777777777777777777777777777777777777777777777777777777777777777777777777777777777777777777777777777777777777777777777777777777777777777777777777777777777777777777777777777777777777777777777777777777777777777777777777777777777777777777777777777777777777777777777777777777777777777777777777777777777777777777777777777777777777777777777777777780080080008877777777777777777777777777777777777777777777777777777777777777777777777777777777777777777777777777777777777777777777777777777777777777777777777777777777777777777777777777777777777777777777777777777777777777777777777777777777777777777777777777777777777777
7777777777777777777777777777777777777777777777777777777777777777777777777777777777777777777777777777777777777777777777777777777777777777777777777777777777777777777777777777777777777777777777777777777777777777777777777777777777777777777777777777777777777777777777777777777777777777777777777777777777777777777777777777777777777777777777777777777777777777777777777777777777777800880080000087777777777777777777777777777777777777777777777777777777777777777777777777777777777777777777777777777777777777777777777777777777777777777777777777777777777777777777777777777777777777777777777777777777777777777777777777777777777777777777777777777777777777
7777777777777777777777777777777777777777777777777777777777777777777777777777777777777777777777777777777777777777777777777777777777777777777777777777777777777777777777777777777777777777777777777777777777777777777777777777777777777777777777777777777777777777777777777777777777777777777777777777777777777777777777777777777777777777777777777777777777777777777777777777777777777000000000000000887777777777777777777777777777777777777777777777777777777777777777777777777777777777777777777777777777777777777777777777777777777777777777777777777777777777777777777777777777777777777777777777777777777777777777777777777777777777777777777777777777777777
7777777777777777777777777777777777777777777777777777777777777777777777777777777777777777777777777777777777777777777777777777777777777777777777777777777777777777777777777777777777777777777777777777777777777777777777777777777777777777777777777777777777777777777777777777777777777777777777777777777777777777777777777777777777777777777777777777777777777777777777777777777777780800008000080008008777777777777777777777777777777777777777777777777777777777777777777777777777777777777777777777777777777777777777777777777777777777777777777777777777777777777777777777777777777777777777777777777777777777777777777777777777777777777777777777777777777777
7777777777777777777777777777777777777777777777777777777777777777777777777777777777777777777777777777777777777777777777777777777777777777777777777777777777777777777777777777777777777777777777777777777777777777777777777777777777777777777777777777777777777777777777777777777777777777777777777777777777777777777777777777777777777777777777777777777777777777777777777777777777808808800800880008880087777777777777777777777777777777777777777777777777777777777777777777777777777777777777777777777777777777777777777777777777777777777777777777777777777777777777777777777777777777777777777777777777777777777777777777777777777777777777777777777777777777
7777777777777777777777777777777777777777777777777777777777777777777777777777777777777777777777777777777777777777777777777777777777777777777777777777777777777777777777777777777777777777777777777777777777777777777777777777777777777777777777777777777777777777777777777777777777777777777777777777777777777777777777777777777777777777777777777777777777777777777777777777777777088087800080008000888000877777777777777777777777777777777777777777777777777777777777777777777777777777777777777777777777777777777777777777777777777777777777777777777777777777777777777777777777777777777777777777777777777777777777777777777777777777777777777777777777777777
7777777777777777777777777777777777777777777777777777777777777777777777777777777777777777777777777777777777777777777777777777777777777777777777777777777777777777777777777777777777777777777777777777777777777777777777777777777777777777777777777777777777777777777777777777777777777777777777777777777777777777777777777777777777777777777777777777777777777777777777777777777780008088800080000000008080088777777777777777777777777777777777777777777777777777777777777777777777777777777777777777777777777777777777777777777777777777777777777777777777777777777777777777777777777777777777777777777777777777777777777777777777777777777777777777777777777777
7777777777777777777777777777777777777777777777777777777777777777777777777777777777777777777777777777777777777777777777777777777777777777777777777777777777777777777777777777777777777777777777777777777777777777777777777777777777777777777777777777777777777777777777777777777777777777777777777777777777777777777777777777777777777777777777777777777777777777777777777777777888088088000080880088000000800877777777777777777777777777777777777777777777777777777777777777777777777777777777777777777777777777777777777777777777777777777777777777777777777777777777777777777777777777777777777777777777777777777777777777777777777777777777777777777777777777
7777777777777777777777777777777777777777777777777777777777777777777777777777777777777777777777777777777777777777777777777777777777777777777777777777777777777777777777777777777777777777777777777777777777777777777777777777777777777777777777777777777777777777777777777777777777777777777777777777777777777777777777777777777777777777777777777777777777777777777777777777778870080888008000870000000008880087777777777777777777777777777777777777777777777777777777777777777777777777777777777777777777777777777777777777777777777777777777777777777777777777777777777777777777777777777777777777777777777777777777777777777777777777777777777777777777777777
7777777777777777777777777777777777777777777777777777777777777777777777777777777777777777777777777777777777777777777777777777777777777777777777777777777777777777777777777777777777777777777777777777777777777777777777777777777777777777777777777777777777777777777777777777777777777777777777777777777777777777777777777777777777777777777777777777777777777777777777777777780800800880087000880008088000888000877777777777777777777777777777777777777777777777777777777777777777777777777777777777777777777777777777777777777777777777777777777777777777777777777777777777777777777777777777777777777777777777777777777777777777777777777777777777777777777777
7777777777777777777777777777777777777777777777777777777777777777777777777777777777777777777777777777777777777777777777777777777777777777777777777777777777777777777777777777777777777777777777777777777777777777777777777777777777777777777777777777777777777777777777777777777777777777777777777777777777777777777777777777777777777777777777777777777777777777777777777777708808088008008088888088880080088808888777777777777777777777777777777777777777777777777777777777777777777777777777777777777777777777777777777777777777777777777777777777777777777777777777777777777777777777777777777777777777777777777777777777777777777777777777777777777777777777
7777777777777777777777777777777777777777777777777777777777777777777777777777777777777777777777777777777777777777777777777777777777777777777777777777777777777777777777777777777777777777777777777777777777777777777777777777777777777777777777777777777777777777777777777777777777777777777777777777777777777777777777777777777777777777777777777777777777777777777777777777888000088088800088888088888088800880880877777777777777777777777777777777777777777777777777777777777777777777777777777777777777777777777777777777777777777777777777777777777777777777777777777777777777777777777777777777777777777777777777777777777777777777777777777777777777777777
7777777777777777777777777777777777777777777777777777777777777777777777777777777777777777777777777777777777777777777777777777777777777777777777777777777777777777777777777777777777777777777777777777777777777777777777777777777777777777777777777777777777777777777777777777777777777777777777777777777777777777777777777777777777777777777777777777777777777777777777777778080080880008888088888880880800888088888088777777777777777777777777777777777777777777777777777777777777777777777777777777777777777777777777777777777777777777777777777777777777777777777777777777777777777777777777777777777777777777777777777777777777777777777777777777777777777777
7777777777777777777777777777777777777777777777777777777777777777777777777777777777777777777777777777777777777777777777777777777777777777777777777777777777777777777777777777777777777777777777777777777777777777777777777777777777777777777777777777777777777777777777777777777777777777777777777777777777777777777777777777777777777777777777777777777777777777777777777780800880888800888888880888088880880000888000877777777777777777777777777777777777777777777777777777777777777777777777777777777777777777777777777777777777777777777777777777777777777777777777777777777777777777777777777777777777777777777777777777777777777777777777777777777777777777
7777777777777777777777777777777777777777777777777777777777777777777777777777777777777777777777777777777777777777777777777777777777777777777777777777777777777777777777777777777777777777777777777777777777777777777777777777777777777777777777777777777777777777777777777777777777777777777777777777777777777777777777777777777777777777777777777777777777777777777777777788088808888880088808880888008808808888888800087777777777777777777777777777777777777777777777777777777777777777777777777777777777777777777777777777777777777777777777777777777777777777777777777777777777777777777777777777777777777777777777777777777777777777777777777777777777777777
7777777777777777777777777777777777777777777777777777777777777777777777777777777777777777777777777777777777777777777777777777777777777777777777777777777777777777777777777777777777777777777777777777777777777777777777777777777777777777777777777777777777777777777777777777777777777777777777777777777777777777777777777777777777777777777777777777777777777777777777777800800008880088088880880008008800088808800888000877777777777777777777777777777777777777777777777777777777777777777777777777777777777777777777777777777777777777777777777777777777777777777777777777777777777777777777777777777777777777777777777777777777777777777777777777777777777777
7777777777777777777777777777777777777777777777777777777777777777777777777777777777777777777777777777777777777777777777777777777777777777777777777777777777777777777777777777777777777777777777777777777777777777777777777777777777777777777777777777777777777777777777777777777777777777777777777777777777777777777777777777777777777777777777777777777777777777777777778000808000800008800888080087800888888880888888000087777777777777777777777777777777777777777777777777777777777777777777777777777777777777777777777777777777777777777777777777777777777777777777777777777777777777777777777777777777777777777777777777777777777777777777777777777777777777
7777777777777777777777777777777777777777777777777777777777777777777777777777777777777777777777777777777777777777777777777777777777777777777777777777777777777777777777777777777777777777777777777777777777777777777777777777777777777777777777777777777777777777777777777777777777777777777777777777777777777777777777777777777777777777777777777777777777777777777777770808088000888008888888008008008878888888088880088880877777777777777777777777777777777777777777777777777777777777777777777777777777777777777777777777777777777777777777777777777777777777777777777777777777777777777777777777777777777777777777777777777777777777777777777777777777777777
7777777777777777777777777777777777777777777777777777777777777777777777777777777777777777777777777777777777777777777777777777777777777777777777777777777777777777777777777777777777777777777777777777777777777777777777777777777777777777777777777777777777777777777777777777777777777777777777777777777777777777777777777777777777777777777777777777777777777777777777700008080008808008880808888800880088800888808888008880087777777777777777777777777777777777777777777777777777777777777777777777777777777777777777777777777777777777777777777777777777777777777777777777777777777777777777777777777777777777777777777777777777777777777777777777777777777777
7777777777777777777777777777777777777777777777777777777777777777777777777777777777777777777777777777777777777777777777777777777777777777777777777777777777777777777777777777777777777777777777777777777777777777777777777777777777777777777777777777777777777777777777777777777777777777777777777777777777777777777777777777777777777777777777777777777777777777777777788880088088008088880880800880880008880007880088800000877777777777777777777777777777777777777777777777777777777777777777777777777777777777777777777777777777777777777777777777777777777777777777777777777777777777777777777777777777777777777777777777777777777777777777777777777777777777
7777777777777777777777777777777777777777777777777777777777777777777777777777777777777777777777777777777777777777777777777777777777777777777777777777777777777777777777777777777777777777777777777777777777777777777777777777777777777777777777777777777777777777777777777777777777777877777777777777777777777777777777777777777777777777777777777777777777777777777777777780088808088088880808880078000080888888880087880887777777777777777777777777777777777777777777777777777777777777777777777777777777777777777777777777777777777777777777777777777777777777777777777777777777777777777777777777777777777777777777777777777777777777777777777777777777777777
7777777777777777777777777777777777777777777777777777777777777777777777777777777777777777777777777777777777777777777777777777777777777777777777777777777777777777777777777777777777777777777777777777777777777777777777777777777777777777777777777777777777777777777777777777777778888808888877777777777777777777777777777777777777777777777777777777777777777777777777777788788888888088880000888808008088888880870888808777777777777777777777777777777777777777777777777777777777777777777777777777777777777777777777777777777777777777777777777777777777777777777777777777777777777777777777777777777777777777777777777777777777777777777777777777777777777777
7777777777777777777777777777777777777777777777777777777777777777777777777777777777777777777777777777777777777777777777777777777777777777777777777777777777777777777777777777777777777777777777777777777777777777777777777777777777777777777777777777777777777777777777777777777808777707777087777788777777777777777777777777777777777777777777777777777777777777777777777788777888888087888780888888007808078808800088788777777777777777777777777777777777777777777777777777777777777777777777777777777777777777777777777777777777777777777777777777777777777777777777777777777777777777777777777777777777777777777777777777777777777777777777777777777777777777
7777777777777777777777777777777777777777777777777777777777777777777777777777777777777777777777777777777777777777777777777777777777777777777777777777777777777777777777777777777777777777777777777777777777777777777777777777777777777777777777777777777777777777777777888807777708777808777088777887778877777777777777777777777777777777777777777777777777777777777777777788777777788888080878888888808808888888888877778877777777777777777777777777777777777777777777777777777777777777777777777777777777777777777777777777777777777777777777777777777777777777777777777777777777777777777777777777777777777777777777777777777777777777777777777777777777777777
7777777777777777777777777777777777777777777777777777777777777777777777777777777777777777777777777777777777777777777777777777777777777777777777777777777777777777777777777777777777777777777777777777777777777777777777777777777777777777777777777777777777777777777770887708888888777707777777888877778877778888888777777777777777777777777777777777777777777777777777777788777777777778888888888888880008888888777777778877777777777777777777777777777777777777777777777777777777777777777777777777777777777777777777777777777777777777777777777777777777777777777777777777777777777777777777777777777777777777777777777777777777777777777777777777777777777777
7777777777777777777777777777777777777777777777777777777777777777777777777777777777777777777777777777777777777777777777777777777777777777777777777777777777777777777777777777777777777777777777777777777777777777777777777777777777777777777777777777777777788888877770877788777777777788777777777777777888878077778877777888877777777777777777777777777777777777777777777778777777777777777777777778887777777777777777778877777777777777777777777777777777777777777777777777777777777777777777777777777777777777777777777777777777777777777777777777777777777777777777777777777777777777777777777777777777777777777777777777777777777777777777777777777777777777
7777777777777777777777777777777777777777777777777777777777777777777777777777777777777777777777777777777777777777777777777777777777777777777777777777777777777777777777777777777777777777777777777777777777777777777777777777777777777777777777777777887777887778888888877777777777777788777777777777777777888877778877778088888777777777777777777777777777777777777777777778777777777777777777777777777777777777777777777877777777777777777777777777777777777777777777777777777777777777777777777777777777777777777777777777777777777777777777777777777777777777777777777777777777777777777777777777777777777777777777777777777777777777777777777777777777777777
7777777777777777777777777777777777777777777777777777777777777777777777777777777777777777777777777777777777777777777777777777777777777777777777777777777777777777777777777777777777777777777777777777777777777777777777777777777777777777777777778888887777887778887777777777777777777880887777877777777777777777777888888087780777888888887777777777777777777777777777777778877777777777777777777777777777787777777777777877777777777777777777777777777777777777777777777777777777777777777777777777777777777777777777777777777777777777777777777777777777777777777777777777777777777777777777777777777777777777777777777777777777777777777777777777777777777777
7777777777777777777777777777777777777777777777777777777777777777777777777777777777777777777777777777777777777777777777777777777777777777777777777777777777777777777777777777777777777777777777777777777777777777777777777777777777777777788877770877708888887777777777777777777788888888888888888888777777777777777777778877770877087777788777778777777777777777777777777778087777777777777777777777777777808777777777777887777777777777777777777777777777777777777777777777777777777777777777777777777777777777777777777777777777777777777777777777777777777777777777777777777777777777777777777777777777777777777777777777777777777777777777777777777777777777
7777777777777777777777777777777777777777777777777777777777777777777777777777777777777777777777777777777777777777777777777777777777777777777777777777777777777777777777777777777777777777777777777777777777777777777777777777777777778888878877780777787777777777777777777788888888887788880888888888888888877777777777777777777888887777788777700888887777787777777777777778007777777777777777777777777777800777777777777787777777777777777777777777777777777777777777777777777777777777777777777777777777777777777777777777777777777777777777777777777777777777777777777777777777777777777777777777777777777777777777777777777777777777777777777777777777777777
7777777777777777777777777777777777777777777777777777777777777777777777777777777777777777777777777777777777777777777777777777777777777777777777777777777777777777777777777777777777777777777777777777777777777777777777777888888877778877778888887777777777777777777788888888877888880088888080008000888888888888877777777777777777777777778888808777887777888888877777777778087777777777777777777777777777800877777777777787777777777777777777777777777777777777777777777777777777777777777777777777777777777777777777777777777777777777777777777777777777777777777777777777777777777777777777777777777777777777777777777777777777777777777777777777777777777777
7777777777777777777777777777777777777777777777777777777777777777777777777777777777777777777777777777777777777777777777777777777777777777777777777777777777777777777777777777777777777777777777777777777777777777777887777087778877888887777777777777777777777888888888888888088880087808888088888708000000888888888888888877777777777777777777777777788888887777887777888888087777777777777777777777777777788877777777777788777777777777777777777777777777777777777777777777777777777777777777777777777777777777777777777777777777777777777777777777777777777777777777777777777777777777777777777777777777777777777777777777777777777777777777777777777777777777
7777777777777777777777777777777777777777777777777777777777777777777777777777777777777777777777777777777777777777777777777777777777777777777777777777777777777777777777777777777777777777777777777777777777777778888708778087777888777777777777777777777888888887888880888880888808808888800008778808888700880000888888888888888888877777777777777777777778887777888888077887087777777777777777777777777777777777777777777788777777777777777777777777777777777777777777777777777777777777777777777777777777777777777777777777777777777777777777777777777777777777777777777777777777777777777777777777777777777777777777777777777777777777777777777777777777777777
7777777777777777777777777777777777777777777777777777777777777777777777777777777777777777777777777777777777777777777777777777777777777777777777777777777777777777777777777777777777777777777777777777777888877770777780888877777777777777777777778888888877777888888808808888888888008888887887888808788008808700888000088888888888888888888777777777777777777777788888887887087777777777777888777777777777777777777777777778777777777777777777777777777777777777777777777777777777777777777777777777777777777777777777777777777777777777777777777777777777777777777777777777777777777777777777777777777777777777777777777777777777777777777777777777777777777777
7777777777777777777777777777777777777777777777777777777777777777777777777777777777777777777777777777777777777777777777777777777777777777777777777777777777777777777777777777777777777777777777777777888878877780887777777777777777777777777888888877777788880088888888887880088887777777777007777777888888880008808808888800088000888888888888888888877777777777777777777787887777777777777800877777777777777777777777777778877777777777777777777777777777777777777777777777777777777777777777777777777777777777777777777777777777777777777777777777777777777777777777777777777777777777777777777777777777777777777777777777777777777777777777777777777777777777
7777777777777777777777777777777777777777777777777777777777777777777777777777777777777777777777777777777777777777777777777777777777777777777777777777777777777777777777777777777777777777777777777777887778088887777777777777777777777788888887777778800088808887888800888887777777777777778808787787777777888888880000888808800808888000088888888887788888888777777777777777887777777777777800877777777777777777777777777777087777777777777777777777777777777777777777777777777777777777777777777777777777777777777777777777777777777777777777777777777777777777777777777777777777777777777777777777777777777777777777777777777777777777777777777777777777777777
7777777777777777777777777777777777777777777777777777777777777777777777777777777777777777777777777777777777777777777777777777777777777777777777777777777777777777777777777777777888877777777888887777887777877777777777777777777788888887777788888888087888888800888887777777777777777777777807778878777777777777777888888008888807888878088778000888888888778888888888877777087777777777777800877777777777777777777777777777888777777777777777777777777777777777777777777777777777777777777777777777777777777777777777777777777777777777777777777777777777777777777777777777777777777777777777777777777777777777777777777777777777777777777777777777777777777777
7777777777777777777777777777777777777777777777777777777777777777777777777777777777777777777777777777777777777777777777777777777777777777777777777777777777777777777777777777778008888777888877708888887777777777777777777888888887777777888888888888888008888887777777777777777777777777777787777777887777777777787777788888888008877780888080088888000000088888887777888888077777777777777778777777777777777777777777777778878887777777777777777777777777777777777777777777777777777777777777777777777777777777777777777777777777777777777777777777777777777777777777777777777777777777777777777777777777777777777777777777777777777777777777777777777777777777
7777777777777777777777777777777777777777777777777777777777777777777777777777777777777777777777777777777777777777777777777777777777777777777777777777777777777777777777777777788887880888808777778877777777777777777788888887777888888880808888880888888877777777777777777777777777777777777787777778778777777777788888877877777788888880088878088808808088800000000088888888007777777777777777777777777777777777777777777778777788877777777777777777777777777777777777777777777777777777777777777777777777777777777777777777777777777777777777777777777777777777777777777777777777777777777777777777777777777777777777777777777777777777777777777777777777777777
7777777777777777777777777777777777777777777777777777777777777777777777777777777777777777777777777777777777777777777777777777777777777777777777777777777777777777777777777777888870080888800888888877777777777778888888777778888880808888780088808887777777777777777777777777777777777777777787777877877777777777778877887788777777777777778888088880088888788888800088800888087888877777777777777777777777777777777777777788777777888777777777777777777777777777777777777777777777777777777777777777777777777777777777777777777777777777777777777777777777777777777777777777777777777777777777777777777777777777777777777777777777777777777777777777777777777777
7777777777777777777777777777777777777777777777777777777777777777777777777777777777777777777777777777777777777777777777777777777777777777777777777777777777777777777777888778887708880088880887888888888888888888888877888888808808780888088887777777777777777777777777777777777777777777777788777788787777777777777788777778878777777778777777788888888888008800888808880888878000087777777777778887777777777777777777777887777778888777777777777777777777777777777777777777777777777777777777777777777777777777777777777777777777777777777777777777777777777777777777777777777777777777777777777777777777777777777777777777777777777777777777777777777777777777
7777777777777777777777777777777777777777777777777777777777777777777777777777777777777777777777777777777777777777777777777777777777777777777777777777777777777777777888778888877888800000880888808000888088888888888888800008808888808887777777777777777777777777777777777777777777777777777788777788878878777777777778877777787877777777777877777787777888888088808888008877700008087777777777808888877777777777777777788877888888777877777777777777777777777777777777777777777777777777777777777777777777777777777777777777777777777777777777777777777777777777777777777777777777777777777777777777777777777777777777777777777777777777777777777777777777777777
7777777777777777777777777777777777777777777777777777777777777777777777777777777777777777777777777777777777777777777777777777777777777777777777777777777777777777777077777888878080000088800080088080880088888888888888888888000888888877777777777777777777777777777777777777777777777777777778777777887887877777777777887777778787787777777787777777777777777888888888088887780008887777777888877877888877777777780088087788887777777877777777777777777777777777777777777777777777777777777777777777777777777777777777777777777777777777777777777777777777777777777777777777777777777777777777777777777777777777777777777777777777777777777777777777777777777777
7777777777777777777777777777777777777777777777777777777777777777777777777777777777777777777777777777777777777777777777777777777777777777777777777777777777888887777887778888780800880888000888888808088880888888888888800088080088888880008888888777777777777777777777777777777777777777777778777777778778788777777777788777787777778777777778777777777777777777787888887788880087787777788887777887777788888888700008888887777777777877777777777777777777777777777777777777777777777777777777777777777777777777777777777777777777777777777777777777777777777777777777777777777777777777777777777777777777777777777777777777777777777777777777777777777777777777
7777777777777777777777777777777777777777777777777777777777777777777777777777777777777777777777777777777777777777777777777777777777777777777777777777777788877788778887788887788000000008000888808888888800888888880888888888808888888880880088888888888887777777777777777777777777777777777778877777787877878877777777778877788777777887777777777777777777777777777788887777778887788888887777777887777777777788800008887777777777777887777777777777777777777777777777777777777777777777777777777777777777777777777777777777777777777777777777777777777777777777777777777777777777777777777777777777777777777777777777777777777777777777777777777777777777777777
7777777777777777777777777777777777777777777777777777777777777777777777777777777777777777777777777777777777777777777777777777777777777777777777777778877778777708888777888877880888800800000888888888888888888888888888888888808888088888880878888888888888888888777777777778887777777777777778877777777777787787777777777887777878877778777777777777777777777777777778807777777787788888888877777887777777888888780000887777777777777887777777777777777777777777777777777777777777777777777777777777777777777777777777777777777777777777777777777777777777777777777777777777777777777777777777777777777777777777777777777777777777777777777777777777777777777777
7777777777777777777777777777777777777777777777777777777777777777777777777777777777777777777777777777777777777777777777777777777777777777777777778888887778077777777778888778008888000888808888888888888880888888888888800888880888808008807888888888888888888888008888888788708777777777778888887777777777777777777777777788777787787777887777777777777777777777777777807778888778778778888888887087888888887777770888887777777777777887777777777777777777777777777777777777777777777777777777777777777777777777777777777777777777777777777777777777777777777777777777777777777777777777777777777777777777777777777777777777777777777777777777777777777777777777
7777777777777777777777777777777777777777777777777777777777777777777777777777777777777777777777777777777777777777777777777777777777777777777777770777808887777777777888887780880000088888808888888888888808887888888888888000888808888088808880888888888880888888888888088887878877777788888777777778887777777777777777777777877778778877787777777787777777777777777777787778878808778777888887788888888777777777778877777777777777777887777777777777777777777777777777777777777777777777777777777777777777777777777777777777777777777777777777777777777777777777777777777777777777777777777777777777777777777777777777777777777777777777777777777777777777777777
7777777777777777777777777777777777777777777777777777777777777777777777777777777777777777777777777777777777777777777777777777777777777777788887778877787777777777888888877700000800888888088888808888888808888888888888888888888888888888088808888888880088880888888880878878777808888877777777777777788888877777777777777777787777877877777777777777777777777777777777808778877787778777778888777787777777777777777777777777777777777787777777777777777777777777777777777777777777777777777777777777777777777777777777777777777777777777777777777777777777777777777777777777777777777777777777777777777777777777777777777777777777777777777777777777777777777777
7777777777777777777777777777777777777777777777777777777777777777777777777777777777777777777777777777777777777777777777777777777777777788887708887777777777778888888878777880808808888880000888800888888088888878088888888888088888888880888088088088088888888880800880808787777780877777777777777777777777777888877777777777777777777778777777777777777777777777788880888877887777778878887888887787777777777777777777777777777777777788777777777777777777777777777777777777777777777777777777777777777777777777777777777777777777777777777777777777777777777777777777777777777777777777777777777777777777777777777777777777777777777777777777777777777777777777
7777777777777777777777777777777777777777777777777777777777777777777777777777777777777777777777777777777777777777777777777777777777777780777788777777777778888888808788770808888888800880888888888888888088888888888888888888888888888888888888888888088008888800008888087877777777887777777777777777777777777777788888777777777777777777777777777777777777777778878878877888887777777877808888888788777777777777777777777777777777777778777777777777777777777777777777777777777777777777777777777777777777777777777777777777777777777777777777777777777777777777777777777777777777777777777777777777777777777777777777777777777777777777777777777777777777777777
7777777777777777777777777777777777777777777777777777777777777777777777777777777777777777777777777777777777777777777777777777777888887780877777777778888888888888007887708888880878888808880888888888888808888888888888888888888888888880888008008888887088888008888888878877777777788777777777777777777777777777777777778888887777777777777777787887777777777778888777877777777777777887778878887788777777777777777777777777777777777778877777777777777777777777777777777777777777777777777777777777777777777777777777777777777777777777777777777777777777777777777777777777777777777777777777777777777777777777777777777777777777777777777777777777777777777777
7777777777777777777777777777777777777777777777777777777777777777777777777777777777777777777777777777777777777777777777777777788777808887777777777778888888880888887877888008800880888008808888888888780888888888888888888888887888800888887808888888888888080088888088878777777777778877777777777777777777777777777777777777788888887777777777777777778888877770878888877777777777777887777887887778777777777778888887777777777777777778877777777777777777777777777777777777777777777777777777777777777777777777777777777777777777777777777777777777777777777777777777777777777777777777777777777777777777777777777777777777777777777777777777777777777777777777
7777777777777777777777777777777777777777777777777777777777777777777777777777777777777777777777777777777777777777777777778777788777787777777787777888888880088888088880088888008888888088888888888888808888888888888888888888888888088888888880088888888888008800888888788777777777777887777777777777777777777777777777777777777777788888877777777777888778877778077777777777777777777787788878887770777777778888887877777777777777778877877777777777777777777777777777777777777777777777777777777777777777777777777777777777777777777777777777777777777777777777777777777777777777777777777777777777777777777777777777777777777777777777777777777777777777777777
7777777777777777777777777777777777777777777777777777777777777777777777777777777777777777777777777777777777777777777777880877888777777777777888888888800888880088887800888888088878800888888888888888888888880888888888888808888888888888800808887888888888008888888787887777777777777788877777777777777777777777777777777777777777777777777888808888887778088888877777777777777777777788888888887778877777788787888877777777777778888777887777777777777777777777777777777777777777777777777777777777777777777777777777777777777777777777777777777777777777777777777777777777777777777777777777777777777777777777777777777777777777777777777777777777777777777777
7777777777777777777777777777777777777777777777777777777777777777777777777777777777777777777777777777777777777777777888877008887778778887788888888888880008887777887800008888880000888888888888888880888888788888888888880088888888880008808887888888888888888888888888877777777777777777887777777777777777777777777777777777777777777777788887788777807777887777777777777777777777777788778088888778877778808878887777777777777788888887787777777777777777777777777777777777777777777777777777777777777777777777777777777777777777777777777777777777777777777777777777777777777777777777777777777777777777777777777777777777777777777777777777777777777777777777
7777777777777777777777777777777777777777777777777777777777777777777777777777777777777777777777777777777777777777778777887877788788888888888888888888888887777777887088808888800000888880008800888888088888888888888808888888888888808808888808880888888008800888887878777777777787777777788877777777777777777777777777777777777778887777780877770888888777777777777777777777777777777788777787888878877777788877777777777777777888888887788777777777777777777777777777777777777777777777777777777777777777777777777777777777777777777777777777777777777777777777777777777777777777777777777777777777777777777777777777777777777777777777777777777777777777777777
7777777777777777777777777777777777777777777777777777777777777777777777777777777777777777777777777777777777777777778777888877788887777887787778880808888877777777888888888888888088888808888888808808888888088888888888808888088080888000888888808888880000888888878788777777788880887777777887777777777777777777777777777777778888007777778077777777777777777777777777777777777777777788788888888877877777777777777777777777888888877777788777777777777777777777777777777777777777777777777777777777777777777777777777777777777777777777777777777777777777777777777777777777777777777777777777777777777777777777777777777777777777777777777777777777777777777777
7777777777777777777777777777777777777777777777777777777777777777777777777777777777777777777777777777777777777777778777777777777877777888887778087787777877778888887777777888880888888888888880088888888888888888888888888878088008888088008888808808788888888888780787777777708880800777777788777777777777777777777777888887778877808888888877777777777777777777777777777777777777777778777888888878887777777777777777777777787777777777778777777777777777777777777777777777777777777777777777777777777777777777777777777777777777777777777777777777777777777777777777777777777777777777777777777777777777777777777777777777777777777777777777777777777777777777
7777777777777777777777777777777777777777777777777777777777777777777777777777777777777777777777777777777777777777788777777777777777777777777778888887777877788777877777777777787777878888888888888888888888880888088880888778888088880008088008088888888878888008708887777777708880800877777777877777777777777777777788887887777887788877777777777777777777777777777777777777777777777778878788888877887777777777777777777777777777777777778877777777777777777777777777777777777777777777777777777777777777777777777777777777777777777777777777777777777777777777777777777777777777777777777777777777777777777777777777777777777777777777777777777777777777777777
7777777777777777777777777777777777777777777777777777777777777777777777777777777777777777777777777777777777777777788777777777777777777777777777777777777888888777777777777777777777777777777788888888888888888880808800888800088888888088888008888888888888880087887877777777708880888077777777788777777777778888877780777788888877777777777777777777777777777777777777777777777777777778878888888777887777777777777777777777777777777777778877777777777777777777777777777777777777777777777777777777777777777777777777777777777777777777777777777777777777777777777777777777777777777777777777777777777777777777777777777777777777777777777777777777777777777777
7777777777777777777777777777777777777777777777777777777777777777777777777777777777777777777777777777777777777777788777777777777777777888888777777777777777777777777777888888877777777777777777777777788888888888888888888888088808088800880000888888808888888877878877777777708888888877777777778877888877788778877778077778777777777777777777777777777777777777777777777777777777777778878888888888887777777777777777777777777777777777777877777777777777777777777777777777777777777777777777777777777777777777777777777777777777777777777777777777777777777777777777777777777777777777777777777777777777777777777777777777777777777777777777777777777777777777
7777777777777777777777777777777777777777777777777777777777777777777777777777777777777777777777777777777777777777788777777777777777777777777777777777778888777777777788088888087777777777777777777777777777777878888888888088888088008808800888888808888788808778888777777777788887777777777777777777878887778877888888777777777777777777777777777777777777777777777778777778888888777777877878888778887777777777777777777777777777777777777877777777777777777777777777777777777777777777777777777777777777777777777777777777777777777777777777777777777777777777777777777777777777777777777777777777777777777777777777777777777777777777777777777777777777777777
7777777777777777777777777777777777777777777777777777777777777777777777777777777777777777777777777777777777777777788777777777777777777777777777777777778877777777777778788888887777777777777777777777777777777777777777888888888880888808800888888088888880087788887777777777777777777777777777777777777788888877777777777777777777777777777777777777777777778777787888777808888888088777887888888878888777777777777777777777777777777777777887777777777777777777777777777777777777777777777777777777777777777777777777777777777777777777777777777777777777777777777777777777777777777777777777777777777777777777777777777777777777777777777777777777777777777777
7777777777777777777777777777777777777777777777777777777777777777777777777777777777777777777777777777777777777777788777777777777777777777777777777777777777777777777778700787887777777777777777777887777777777777777777777777787888888000888008880888877888887888087777777777777777777777777777777777777777777777777777777777777777777777777777777777777777878788888787777780888888888877887788888888888777777777777777777777777777777778888087777777777777777777777777777777777777777777777777777777777777777777777777777777777777777777777777777777777777777777777777777777777777777777777777777777777777777777777777777777777777777777777777777777777777777777
7777777777777777777777777777777777777777777777777777777777777777777777777777777777777777777777777777777777777777787777777777777777777777777777777777777777777777777788788807877777777777777777778007777777777777777777777777777777777888888888888888888888787887887777777777777777777777777777777777777777777777777777777777777777777777777777777777777777878778787777777770880878877887807788888887888777777777777777777777777777778888878888777777777777777777777777777777777777777777777777777777777777777777777777777777777777777777777777777777777777777777777777777777777777777777777777777777777777777777777777777777777777777777777777777777777777777777
7777777777777777777777777777777777777777777777777777777777777777777777777777777777777777777777777777777777777777788777777777778877777777777777777777777777777777777780887880877777777777777777780008777777777777777777777777777777777777777788888888888888787887877777777777777777777777777777777777777777777777777777777777777777777777777777777777777787888887777777777770078880007887788788888888788777777777777777777777777788888878888888077777777777777777777777777777777777777777777777777777777777777777777777777777777777777777777777777777777777777777777777777777777777777777777777777777777777777777777777777777777777777777777777777777777777777777
7777777777777777777777777777777777777777777777777777777777777777777777777777777777777777777777777777777777777777788087777777770077777777777777777777777777777777777778777778877777777777777777778087777777777777777777777778887777777777777777777788888888888887877777777777777777777777777777777777777777777777777777777777777777777777777777777777788887887777777777777778087880008787788778888878870877777777777777777777888088877888888880888777777777777777777777777777777777777777777777777777777777777777777777777777777777777777777777777777777777777777777777777777777777777777777777777777777777777777777777777777777777777777777777777777777777777777
7777777777777777777777777777777777777777777777777777777777777777777777777777777777777777777777777777777777777777788887777777780087777777777777777788888887777777777777777777777777777777777777777777777777777777777777777770007777777777777777777777777788888887877777777777777777777777777777777777777777777777777777777777777777778877788777777777777877777777777777777778087800887787770778888878878877777777777777778888077088888877888887788877777777777777777777777777777777777777777777777777777777777777777777777777777777777777777777777777777777777777777777777777777777777777777777777777777777777777777777777777777777777777777777777777777777777777
7777777777777777777777777777777777777777777777777777777777777777777777777777777777777777777777777777777777777777888007777777780877777777777777788888770007777777777777777777777777777777777777777777777777777777777777777770007777777777777777888777777777777777877777777777777777777777777777777777777777777777777777777777777888800000888887777777777777777777777777777777008808888888770888887888878077777777777788888888888888888877878887788808777777777777777777777777777777777777777777777777777777777777777777777777777777777777777777777777777777777777777777777777777777777777777777777777777777777777777777777777777777777777777777777777777777777777
7777777777777777777777777777777777777777777777777777777777777777777777777777777777777777777777777777777777777778087807777777777777777777777777777777770007777777777777777777777777787777777777777777777777777777777777777778087777777777777778887788087777777777877777777777777777777777777777777777777777777777777777788777780000008808000888877777777777777777777777777777800808778887778888877888778077777778888888887788888778888888788888778880877777777777777777777777777777777777777777777777777777777777777777777777777777777777777777777777777777777777777777777777777777777777777777777777777777777777777777777777777777777777777777777777777777777777
7777777777777777777777777777777777777777777777777777777777777777777777777777777777777777777777777777777777777778778887777777777777777777777777777777778087777777777777777777777777008777777777777777777777777777777777777777777777777777777788888888787777777777877777777777777777777777777777777777787887777777777777780877808080808808008077887777777777777777777777777777788887777778888088888888777877777888888888888777888780888777788888888888887777777777777777777777777777777777777777777777777777777777777777777777777777777777777777777777777777777777777777777777777777777777777777777777777777777777777777777777777777777777777777777777777777777777
7777777777777777777777777777777777777777777777777777777777777777777777777777777777777777777777777777777777777788888887777777777777777777777777777777777777777777777777777777777778008777777777777777777777777777777777777777777777777777777787788888787777777777887777777777777777777777777777777888888777777777777777777888008080800808808007788877777777777777777777777777777777778800887088877888888887788888888888888788788778088808777888887778888777777777777777777777777777777777777777777777777777777777777777777777777777777777777777777777777777777777777777777777777777777777777777777777777777777777777777777777777777777777777777777777777777777777
7777777777777777777777777777777777777777777777777777777777777777777777777777777777777777777777777777777777777780888887777777777777777777777777777777777777777777777777777878777777007777777777777777777777777808777777777777777887777777777787700788787777777777887777777777777777777777777777777877778777777777777777777780008000880788700808777888777777777777777777777777778888888888887808888888887788888878888788887888788877777888887888888077888087777777777777777777777777777777777777777777777777777777777777777777777777777777777777777777777777777777777777777777777777777777777777777777777777777777777777777777777777777777777777777777777777777777
7777777777777777777777777777777777777777777777777777777777777777777777777777777777777777777777777777777777777788888888888888777777777777777777777777777777777777777777777777777777777777777777777778877777777000887887777777777778887777777787788787787777777777787777777777777777777777777777777777777778877777777777777777008888778778780880777778877777777777777777777788888888888888887888888888887780088888888888887788878888878888888878888877888888877777777777777777777777777777777777777777777777777777777777777777777777777777777777777777777777777777777777777777777777777777777777777777777777777777777777777777777777777777777777777777777777777777
7777777777777777777777777777777777777777777777777777777777777777777777777777777777777777777777777777777777777878888888888888887777777777777777777777777777777777777777777777777777777777777777777777777777888000877777777777777777778777777788888807787777777777887777777777777777777777777777777777888878788878777777777777080878778878870070777777888777777777777778888888888888888788887808888888888878877888887888887887888888888788778888877888778888887777777777777777777777777777777777777777777777777777777777777777777777777777777777777777777777777777777777777777777777777777777777777777777777777777777777777777777777777777777777777777777777777777
7777777777777777777777777777777777777777777777777777777777777777777777777777777777777777777777777777777777777888888877888787777777777777777777777777777777777777777777777777777777777777777777777777777777778800877777777777777777777777777788777788887777777777787777777777777777777777777777777777788888887887777777777778078088778878878070877777778887777778888808888888888878888888878888888888888877877880087888888887888888888788778880088888888888888888788777777777777777777777777777777777777777777777777777777777777777777777777777777777777777777777777777777777777777777777777777777777777777777777777777777777777777777777777777777777777777777777
7777777777777777777777777777777777777777777777777777777777777777777777777777777777777777777777777777777777778888778877888887777777777777777777777777777777777777777777777777777777778887787777777777777777777777777777777777777777777777777777778777887777777777787777777777777777777777777777777777788788888777777777777778077880878878777078877777777788788808888887888888888878808887778808778888878888088088877778888808887888778888888888888888887777777778888887777777777777777777777777777777777777777777777777777777777777777777777777777777777777777777777777777777777777777777777777777777777777777777777777777777777777777777777777777777777777777777
7777777777777777777777777777777777777777777777777777777777777777777777777777777777777777777777777777777777778887888877788888887877777777777777777777777777777777777777777777777777778888888888888877877777777777777777777777777777777777777777777778777777777708888888777777777788808008777777777777777777777777777777777778077878088878877087077777788880008888888887888887788878888888888888878888878800008888880877888888887888877888877777777888888887777777777788777777777777777777777777777777777777777777777777777777777777777777777777777777777777777777777777777777777777777777777777777777777777777777777777777777777777777777777777777777777777777777
7777777777777777777777777777777777777777777777777777777777777777777777777777777777777777777777777777777777778887887877777888887877777777777777777777777777777777777777777777777777778888888888888880888887777777777777777777777777777777777777777777777777777808880888777777777800888888087777777777777777777777777777777777087878880078877887078888880888780087888877888888088887888888888780888788888777787788888888888887888878878087777788887777778888887888777777887777777777777777777777777777777777777777777777777777777777777777777777777777777777777777777777777777777777777777777777777777777777777777777777777777777777777777777777777777777777777777
7777777777777777777777777777777777777777777777777777777777777777777777777777777777777777777777777777777777788888888878888887877777777777777777777777777777777777787778887777777777788888888888888788777777777777777777777777777777777777777777777777777777777088888888877777777808088888008777777777777777777777777777777777087878878088877888008088878808780087800887888778788808888878888878888788888877788888788888777888888887880088778777888777777777778777887777888777777777777777777777777777777777777777777777777777777777777777777777777777777777777777777777777777777777777777777777777777777777777777777777777777777777777777777777777777777777777777
7777777777777777777777777777777777777777777777777777777777777777777777777777777777777777777777777777777777788888888877888878888777777777777777777777777777777777787787887777777777777788888808887777777777777777777777777777777777777777777777777777777777778088880008877777777808008888707777777777777777777777777777777777807788777880888888888080880888788880088888008888808788888877888878888888878888880887888888877788888887888008877887777777777887778777788778778877777777777777777777777777777777777777777777777777777777777777777777777777777777777777777777777777777777777777777777777777777777777777777777777777777777777777777777777777777777777777
7777777777777777777777777777777777777777777777777777777777777777777777777777777777777777777777777777777777787888888087787788888878877777777777777777777777777777777777777777777777788888088888888777777777777777777777777777777777777777777777777777777777788888888888087777777808088008708777777777777777777777777777777777708778788088808888888888888088008887808878088888887888788888888888878888788888778878877888888778888778888888887777877777777788777877777777877887777777777777777777777777777777777777777777777777777777777777777777777777777777777777777777777777777777777777777777777777777777777777777777777777777777777777777777777777777777777777
7777777777777777777777777777777777777777777777777777777777777777777777777777777777777777777777777777777777878878888887777778888878077777777777777777777777777777777777777777777777777777877777777777777777777777778878888878877777777777777777777777777777708887808888887777777780888000788777777777777777777777777777777777788788888888880888888888888888888008888088880888888888788887778880088888877888778088887888887888887788888887888777787777778777877787777777788788777777777777777777777777777777777777777777777777777777777777777777777777777777777777777777777777777777777777777777777777777777777777777777777777777777777777777777777777777777777777
7777777777777777777777777777777777777777777777777777777777777777777777777777777777777777777777777777777777888888888888088888888888888777777777777777777777777777777777777777777777777777777777777777777777777788888888888878888788777777777777777777777777888888788888888777777788808008788777777777777777777777777777777778888808888888888808888888888888888880088000887888877888877888880088888888888888888088887888877888878888878087778878777777778877788778777778777877887777777777777777777777777777777777777777777777777777777777777777777777777777777777777777777777777777777777777777777777777777777777777777777777777777777777777777777777777777777777
7777777777777777777777777777777777777777777777777777777777777777777777777777777777777777777777777777777778888888887780088088888888808888888888888888888787777777777777777777777777777777777777777777777777777777778888777777777777777777777777777777777778878880888888888777777788708788788777777777777777777777777777888888888888888000808880088888888888888888888888880888880888888888888877777788877788808808778887788888888888880077778077887788777887777877887777877787788877777777777777777777777777777777777777777777777777777777777777777777777777777777777777777777777777777777777777777777777777777777777777777777777777777777777777777777777777777777
7777777777777777777777777777777777777777777777777777777777777777777777777777777777777777777777777777777788788888777780878880888888888888088888878088808888888888888888888887877777777777777777777777777777777777777777777777777777777777777778888888888888888877708888088877777788888880008777777777777777777777788800878888788888877888888888800888888888888888888888888808888880888887777777777777788888877788888877888888888888800888877087787778777778777788788777777777878887777777777777777777777777777777777777777777777777777777777777777777777777777777777777777777777777777777777777777777777777777777777777777777777777777777777777777777777777777777
7777777777777777777777777777777777777777777777777777777777777777777777777777777777777777777777777777777788887888888808888888877888888888888878888877887778088888888888888888888888888888888888887777777777777777777777777777777777777777788888888888888880088888888888887887777788888788887777777777777777778888888888880888888778888887788780800088888888888888888888888777777808008877777778777777777788000878888888888888888888877778777087787777877778777778877877777777777788777777777777777777777777777777777777777777777777777777777777777777777777777777777777777777777777777777777777777777777777777777777777777777777777777777777777777777777777777777
7777777777777777777777777777777777777777777777777777777777777777777777777777777777777777777777777777777888888888777888888888888888888878880877888888888888778888887888888888888788888777888888888888888888877777777777777777777777788788888888888888888888888888808887888807777777887788777777777777777888888888888777887788888888888888888888888880000088888888888888777777777777778888888888888888887777788000887788888887777778780877777887787777877777877777787788777887778778877777777777777777777777777777777777777777777777777777777777777777777777777777777777777777777777777777777777777777777777777777777777777777777777777777777777777777777777777777
7777777777777777777777777777777777777777777777777777777777777777777777777777777777777777777777777777777878888888888888888888888888888888878887888888887888888788888888888888888888888778088888778888888788888888888777777777777777777778888888788888888887888888888888888888777777777777777777777788888888877888887788877888878888788808778888888088800888008800887777777777777777777777788888878878888888888880088888888888888888888777777708788777788777778777778778877778777887887777777777777777777777777777777777777777777777777777777777777777777777777777777777777777777777777777777777777777777777777777777777777777777777777777777777777777777777777777
7777777777777777777777777777777777777777777777777777777777777777777777777777777777777777777777777777778888888788888888878887888888888808788888880888880088888877888888888888888888888878888878888888888788888888888888888888877777777787887888887888888888888880808887808888777777777777777788888800788888888888877788888887778888708887788888788888888888008888888877777777777777777777777778888888888777788808888888888888888888888888888808778077778777778877777887887777777777788777777777777777777777777777777777777777777777777777777777777777777777777777777777777777777777777777777777777777777777777777777777777777777777777777777777777777777777777777
7777777777777777777777777777777777777777777777777777777777777777777777777777777777777777777777777777788888888887788788888887888888888887888800887788888888788888788888887788888887808888888888888888888888888888788888888878088888888888887877888887888878888888887887888888877777777788888887808877887788877777788887777788788877777888887788877888877888888878000000888877777777777777777777777777888888887887888777777777777777778777777778888887777878877887777788778777777777777887777777777777777777777777777777777777777777777777777777777777777777777777777777777777777777777777777777777777777777777777777777777777777777777777777777777777777777777777
7777777777777777777777777777777777777777777777777777777777777777777777777777777777777777777777777777787888777887788888887888877888888788888888888880877788888888788888887888888887888888878888887777788888887888888888777777777788887088880888888888788888888888887888888888887777888888888878887788887888888778087777788877788887778888888088887887788888700880000888000000888777777777777777777777777777888888887777777777777777777778888877778088777808888877777777887787777777777708777777777777777777777777777777777777777777777777777777777777777777777777777777777777777777777777777777777777777777777777777777777777777777777777777777777777777777777777
7777777777777777777777777777777777777777777777777777777777777777777777777777777777777777777777777777888888888888788888888788888887888887788888887808888888888888888887800888878888087788888888887888888087777788888887788878877777777778888888000800870888888808788888088888787888888788888888887787777788887888878778877777878877888887777788888888888888888777888880000000000000888777777777777777777777777778888888887777777777778888888888888888880877778888877777788777877777777778877777777777777777777777777777777777777777777777777777777777777777777777777777777777777777777777777777777777777777777777777777777777777777777777777777777777777777777777
7777777777777777777777777777777777777777777777777777777777777777777777777777777777777777777777777777878888880888808888888888880888887888888888888088888888888888888888888880888877888888888878888888888778088888878888888878877888888877887788888888780888888887788888888888888808888888888888888778888878877888888888778888878888888888888770888888000887777777777888880000000000000008877777777777777777777777777778888888877777778877777777777777777777777778888888888877777777777777888777777777787777777777777777777777777777777777777777777777777777777777777777777777777777777777777777777777777777777777777777777777777777777777777777777777777777777777
7777777777777777777777777777777777777777777777777777777777777777777777777777777777777777777777777778878888888888888888888888788888888888888888888888888888788888877788888778888888888888877777878788888888780088880888888878888888778787888888887888808888888888808888788888878888788888888777888888888788888888888788778888888877777888808887888888887777777777777788808000000088000000000887777777777777777777777777777778888888877777777777777777777777777777777778888888888888887777778887777777777777777777777777777777777777777777777777777777777777777777777777777777777777777777777777777777777777777777777777777777777777777777777777777777777777777777
7777777777777777777777777777777777777777777777777777777777777777777777777777777777777777777777777788888888888888878888887788888788888788888778888888700888088888800888888888788888888888888808888888888888788888888788888888778888777888888888877888808888888888888888878888878088888888888888888888888888778878888788887788888778888778888880088887777777777777888808808000000000000000880000088877777777777777777777777777777788888888777777777777777777777777777777777777777888888888887788877777777777777777777777777777777777777777777777777777777777777777777777777777777777777777777777777777777777777777777777777777777777777777777777777777777777777777
7777777777777777777777777777777777777777777777777777777777777777777777777777777777777777777777888888880087880880088088888888888888880888887888008888888888880887788888777880888808878008887788888888087888888887888888888888788888877888888888888777877888888000888888888888888888888888888888777888888888888787788888888888888888888888788888887777777778888888887808878080008000008800000000088888887777777777777777777777777777777888888887777777777777777777777777777777777777777777788888888888887777777777777777777777777777777777777777777777777777777777777777777777777777777777777777777777777777777777777777777777777777777777777777777777777777777777
7777777777777777777777777777777777777777777777777777777777777777777777777777777777777777777788887788888778808888888878880888888788088888888888880888888888878888788880888888088888778088888778888888777788888877888887880088877888887877788888888878878888888088888888888888788888888888888888788888888887888887788778888778888888888808888877777777778888878887777808877808008800000800000888000008808888887777777777777777777777777777777888888877777777777777777777777777777777778888888880888888888888888877777777777777777777777777777777777777777777777777777777777777777777777777777777777777777777777777777777777777777777777777777777777777777777777777
7777777777777777777777777777777777777777777777777777777777777777777777777777777777777777778888887808888888008888888888880888888887777880088888877777007888888888888888888808778888888878888888887888878088888887888888887888877888888887788888888770888888888887788888888888888888888777788888887778888878888888888778888888888888888888777777888888888877778777778808877700800000000000000000000877777778888888777777777777777777777777777777778888888877777777777777777777777777788887777777777777777777788888888777777777777777777777777777777777777777777777777777777777777777777777777777777777777777777777777777777777777777777777777777777777777777777777
7777777777777777777777777777777777777777777777777777777777777777777777777777777777777777888787788887777777777777777888887888807788888888888878777888880888888888888888880888888888888778888888887888888808880088888888888788888887777888888888888880808888888888788008888808888880788888888888808780888888887788877888880877880080008888888888887787777777788777788808878780080000000000800000000877777777777778888888877777777777777777777777777777788888887777777777777777777777777777777777777777777777777777888888888777777777777777777777777777777777777777777777777777777777777777777777777777777777777777777777777777777777777777777777777777777777777777
7777777777777777777777777777777777777777777777777777777777777777777777777777777777777778777777888877777777788777778888887777888888777778088777888888770080888888800088888088888888880078088888888880878888888888888878888888878888878888888877888808880008880088788888888008888788888888888888888877788888888788778888778088888888877777778087777778777777788787878888878787080008888888877777777878877777777777777778888888887777777777777777777777777777888888877777777777777777777777777777777777777777777777777777788888777777777777777777777777777777777777777777777777777777777777777777777777777777777777777777777777777777777777777777777777777777777777
7777777777777777777777777777777777777777777777777777777777777777777777777777777777777787777788787777777777888777777778888777808777778888878878887887888888877778888878877800880880888888888808788887788888888887888888887888878888880887888888888088888808008888888888088808887888087888888888888888888887788888788888888877777777777778777880787778777777708787878888888787088087777777777777777778877777877777777777777778888888887777777777777777777777777778888888777777777777777777777777777777777777777777778888878888888877777777777777777777777777777777777777777777777777777777777777777777777777777777777777777777777777777777777777777777777777777777
7777777777777777777777777777777777777777777777777777777777777777777777777777777777777788877777777777777777788888888888888888087778880887887777778880877787778778087878880888808780777777878888888888808880878888888888888888888877788888888888888088888888888888808808888888888888888888888888888888888888888888880888877777777887787778877788878778877777888787778788788887080077777777777777787778777777877777787777777777777778888888887777777777777777777777777788888888777777777777777777777777777777777777777777777777777888877777777777777777777777777777777777777777777777777777777777777777777777777777777777777777777777777777777777777777777777777777
7777777777777777777777777777777777777777777777777777777777777777777777777777777777777778888888888808888888887777777777777778888887777777777777777788888878888888777788888888887088878878887778088808777788808888088888888878888888888788887888888880088888888880808088808788888888880888808888888887088888888888888777777778777788878878888878087777877777888777788788788887080777777877777777787777778778877777777777777777777777777777888888888777777777777777777777777788888887777777777777777777777777777777777777777777777878808888877777777777777777777777777777777777777777777777777777777777777777777777777777777777777777777777777777777777777777777777
7777777777777777777777777777777777777777777777777777777777777777777777777777777777777778778877777787777777877787787777777780888777777777777777777777777778888777777878778807780888778887777777788877777777807778808888808888888888087888888888888888888888888888788888888888888878888888888888888088887888878888777777777778887777887877888887808877877777078787708788788878008777777877787877887778777778777777777777777777777777777778777788888888777777777777777777777777778888888777777777777777777777777777777777788888888888778888888888888777777777777777777777777777777777777777777777777777777777777777777777777777777777777777777777777777777777777777
7777777777777777777777777777777777777777777777777777777777777777777777777777777777777778877777777788777777877788777777777777077777777777777777777777777788877777777778877887708787777877777888888788777778087777780887788800888870888800888880878880878888888888808888888808880888878088880777777788888777788777777778777877888777788778788888780877887778878877808888778877087777777777777877877777777777787777777777777777777777777877778887777778888887777777777777777777777777788888888777777777777777777777777777777777777777777777777777788888777777777777777777777777777777777777777777777777777777777777777777777777777777777777777777777777777777777777
7777777777777777777777777777777777777777777777777777777777777777777777777777777777777777877777777778777777777778877777777778877777887777777877777777778887777777777778877087788777778777788887787887788788777777778888888888888878888880888888778088888880008880808088880787888888788788888777788777778777778887777788877887788887878877778888878087878778878787800888777778087777778777878877777777777778877777777777777777777777777777777777777777777888888888777777777777777777777777788888887777777777777777777777777777777777777777778777777788888877777777777777777777777777777777777777777777777777777777777777777777777777777777777777777777777777777777
7777777777777777777777777777777777777777777777777777777777777777777777777777777777777777887777777778877777777777877777777770877777877777777877777777770777777777777778778077878777877777808777888877887887777777777788888888888888778888788808880778888888888888788888888888888888087787777878778777877787777788778778888778778888777887777888887800878878878778788887777770887777778777778777777777777778777777777777777777777777777777877777777787788877787888888887777777777777777777777777888888877777777777777777777777777777777777777777787777777888877777777777777777777777777777777777777777777777777777777777777777777777777777777777777777777777777777
7777777777777777777777777777777777777777777777777777777777777777777777777777777777777777887777777777878777777787887777777780777777877777778788777777788777787777777777770877877777887887077788887777788877777777777778888888888887800808880888888888888888888888808807808808888880878887877877878887787777778778877877888877877878877788878778888780877878878778787787788808777777787777787777777777777777777777777777777777777778877778778877777878887778877887778888888777777777777777777777777778888888877777777777777777777777777777777777777777778777888877777777777777777777777777777777777777777777777777777777777777777777777777777777777777777777777777
7777777777777777777777777777777777777777777777777777777777777777777777777777777777777777787777777777877777777778877777777788777777878877778787777777788777777777777778770778777777877878877877777778887777777777877888777888888778887888080888888888888888888888800088888888888887787777877787777878778777877777887787778887787787887777887777888778087878878778787888887707777777777777777777777777777777777777777777777777777777777787788778878888777887788888888800000088877777777777777777777777777778888888877777777777777777777777777777777777777777778888777777777777777777777777777777777777777777777777777777777777777777777777777777777777777777777777
7777777777777777777777777777777777777777777777777777777777777777777777777777777777777777787777777777887777777778877777777780777778878777787877777777708777877777777788788777787777778888777777777788877777777888888877887888888888777780878888888888888888888888888888888808887777877777777787787777877877787778778778777888778778788777788777778887807877878778808877778888777777777777777777777777777777777777777777777777777777778878887788878887778877887888087788888000888887777777777777777777777777777888888888777777777777777777777777777777777777777778887777777777777777777777777777777777777777777777777777777777777777777777777777777777777777777777
7777777777777777777777777777777777777777777777777777777777777777777777777777777777777777788777777777887877777778777777787780777778777777777877777777707877777777777887788777787777788708777777777777777777777888887778878788887778888087777788800008888888878888880888870087787778777787777777777787777788778778877887887788877877877877777887788887780877888780808777780878877787777777777777777777777877777777777777777777777778788788777788878877887778878888788777778880088888888777777777777777777777777777777788888887777777777777777777777777777777777888888888888888887777777777777777777777777777777777777777777777777777777777777777777777777777777777
7777777777777777777777777777777777777777777777777777777777777777777777777777777777777777788777777777887777788778777777777770877777777777778778777777887777777777777777887787877777787708777777777787777777777887887777787887778888770877777777777788888877888888780888888778877887777877877777777777777777777777777788788778888788788788777788778788788087087807777777777777887777777787787777777777778877777777777777777777777788877877878887788777877788788788788877877888808888878888877777777777777777777777777777777788888877777777777777777777777777788877777777777778787777777777777777777777777777777777777777777777777777777777777777777777777777777777
7777777777777777777777777777777777777777777777777777777777777777777777777777777777777777788777777777887877777778878787777778877777777777787778777778087778777777777778087787777778777087777777777787777777770778777777888877788777708777777777777777800088888888780780878787778777778777877787777777777777777777777777877877888878878878877778877887788808887808777777777777807787777777787877877777778777778777777777777777777877777777778777887778777787887777788778887878808888788777888888777777777777777777777777777777777888888777777777777777777777777777777777887877778777777777777777777777777777777777777777777777777777777777777777777777777777777777
7777777777777777777777777777777777777777777777777777777777777777777777777777777777777777778777777777887878777777877777777778877777777777877787788888777777777777777770877777777777878877777777777788777777778777777787878777777777087777777777777777778008888887708808787777887778777778777778777777777777777777777787788787778888787787887777787787770870087788777777777777788777777787777777777777787778777777777877777778778877777778787778877887777878877887777778777788888778877777777778888887777777777777777777777777777777778888887777777777777777777777777777777777777777777777777777777777777777777777777777777777777777777777777777777777777777777777
7777777777777777777777777777777777777777777777777777777777777777777777777777777777777777778777777777887777777877877777777778877777777788777778888777777777777877777808778777888777770787778777777788787777777777877787878777777770877777777777777777787788800008808877777778777787777877777878777777777777777777777777878877777788878778788777777777878077807770877777777777777777777787778777787777877777777877778777777788787777777787777788777877778878877777787778778087778888777777777777777888888877777777777777777777777777777777788888887777777777777777777777777878888777777777777777777777777777777777777777777777777777777777777777777777777777777777
7777777777777777777777777777777777777777777777777777777777777777777777777777777777777777778777777777877777777778877777777780777777777787787888777777877777778878777887878777787777788877777777777788777777777777877777777777877780777778777777777777788778000088087778778787787887778777777778777877777777777777777777787887787778878877878877777777787787708788887777777777777777777777877777787778877777887777887777787788777777777877777887777877787788877877787778088778888877777777777777777777778888888777777777777777777777777777777777888888777777777777777777777777777777777777777777777777777777777777777777777777777777777777777777777777777777777777
7777777777777777777777777777777777777777777777777777777777777777777777777777777777777777778777777777877777777877877777777708787777777777788877777778777777787788777778777777777777887777777777777787777777778777777777777777887780777778777777777777788888000000878887787778877778778777877777777777777777877777787777777778878777887887777777778778778788878087788777777777777777777777877787777778778777887778877778888787777777777877778777778777787887877787777808877888877777777877777777777777777777788888887777777777777777777777777777777778888888777777777777777777777777777777777777777777777777777777777777777777777777777777777777777777777777777777
7777777777777777777777777777777777777777777777777777777777777777777777777777777777777777778777777777877777777877877777777707777777777778888777777777777878877877777777777777877877877777777777777887777777778777777777777778777778077778777777777777787808888880888787877778778788777777777788777777777777777777777777787787887777788777777777778877877887877887778877777777777777777877777777877787788778877788777788777787777777778777778777778777887887887777700877788887777777778777777777777777777777777777888888777777777777777777777777777777777788888877777777777777777777777777777777777777777777777777777777777777777777777777777777777777777777777777
7777777777777777777777777777777777777777777777777777777777777777777777777777777777777777778777777878877777777877887777777887877877878788877788788777877788788777777787777778778778877887777777777877777777777877777877777787777778877777777777777777777780888808877888778877778777777777777778887777777777777777777877778878878777778777777787777787788788778877778077777777777777777787777778777777787788777887778087777877777777777777787777787777878887777788088778888777777777887777777777777777777777777777777788888887777777777777777777777777777777777888888777777777777777777777777777777777777777777777777777777777777777777777777777777777777777777777
7777777777777777777777777777777777777777777777777777777777777777777777777777777777777777778777777878877777777877877777777887777777878887877777778887788887787887778787777787777788778877777777878777777777778877778777777787787770877787777777777877777777888877777777777777777777777778777887878877777877877777777787877887787887777787777778777778778878778777780777787777777777778877777778777777887787778877800777777778777777777777777777777778770787778880877888877777777778877788777777777777777777777777777777777888888777777777777777777777777777777777788888888777777777777777777777777777777777777777777777777777777777777777777777777777777777777777
7777777777777777777777777777777777777777777777777777777777777777777777777777777777777777788777777878877777777887878777777087777777788788777777788878777777778077787777787887777888788777777778777777777777777778778778777777877778077787888788787877887787807777777787878887888778787777877887887888777787777777777878778778778788877778777877877777877887888777807777777777777777778777777787777778877877787778007777877777777777877777777777777777780787788087788777777777777788777887777777777777777777777777777777777777788888877777777777777777777777777777777778888888777777777777777777777777777777777777777777777777777777777777777777777777777777777777
7777777777777777777777777777777777777777777777777777777777777777777777777777777777777777788777777878777777777887887777777087777777787887777777787777777777778877878777777878778887787777877788788777777787777787778778777778777780877787788788788877877878077787778788888787878778878777777788788778877777778777778787877877777877888777877777788787777788788777887777777777777777777777777777777778777877887700087777877777777877777778777777777777788787808777877788777777777787778877777877777777777777777777777777777777777777888888877777777777777777777777777777777777888888777777777777777777777777777777777777777777777777777777777777777777777777777777
7777777777777777777777777777777777777777777777777777777777777777777777777777777777777777788777777778777777777877787777777087877777708777777777777777777778770777788777778778770777877778777787807777777877787777787787778777777708777777777777887778878780877878778787878787887877787777777777778877877777877877877778787777777777778877788778778878777777888777077777777777777777777777777777777777777777877000877778787777777777777777778777777877788788087777777777777877777777788778778777777777777787787788877777777777777777777778888888777777777777777777777777777777777778877777777777777777777777777777777777777777777777777777777777777777777777777777
7777777777777777777777777777777777777777777777777777777777777777777777777777777777777777788777777778777777777877788777778077777777807777787777787777777788770777777877787778808788777777777778087777778777887777777787778778777707777777777777777778877708778878788788788788787777778777777777777877787777788887787777777777777777777888778777777877777777887770877777777777777777777777777777777787777777778008777787777787777777777787777777777777888800877778777777778877877877887787787777778877878787877888878777787777777777777777777788888887777777777777777777777777777777777777777777777777777777777777777777777777777777777777777777777777777777777777
7777777777777777777777777777777777777777777777777777777777777777777777777777777777777777788777777788777777778877788787780877777777887777787777787777777887788777778777777888708787777777788780877777787778877777777877787788777887777787777777777778878780777777788787787778777777778777877777777787878778778787777777777777777787787778887787777777777777887788777777777777777777777777777777777887787877780007777787877877777787777777777777777777888887777787777777777777877877887887787777788777887888878888877787888777777777777777777777777888888777777777777777777777777777777777777777777777777777777777777777777777777777777777777777777777777777777777
7777777777777777777777777777777777777777777777777777777777777777777777777777777777777777788777777788777777778877788777708777777777887777777777777777777877807777787788888877787777777777787888777777877888777777777877877788777077777787777778777777878778087777777777777777877777877877887778887788777877777777777777777777777777777877788777777777777778877788778777787777777777777777777777778877878777800087777877878877787777777877777777777777088877777887787777877777778777877877877778887788877887788878777877788777777777777777777777777777788888877777777777777777777777777777777777777777777777777777777777777777777777777777777777777777777777777777
7777777777777777777777777777777777777777777777777777777777777777777777777777777777777777778777777787777777778777777777807777877777077777877777777777778777087777888888777878877777787877877807777788777887877777778777877787778077778777787777777777878777708777877877777877787787787787787777888880777787777777777777777777777777877777778087777777777788777788778777787877777777787777777777778777777777000077777878778777877777777877877787777770808777778877877777777777777778877777877787877887778777887778777778887777777777777777777877777777777778888887777777777777777777777777777777777777777777777777777777777777777777777777777777777777777777777777
7777777777777777777777777777777777777777777777777777777777777777777777777777777777777777778777777887777777787777777877887777878777077787777777777777787778877778877777788888787887788778878887777887777877877887787778777787770877777878788777777787777777778087887787777787778778778777788777877788777777777777777777777877777777787777777788777777777788777777777777877777777777877787777787788787787778000877778778778777877877778777877787777788887777778777777777777777777788777777777777877877887778877787777788877777777777777777788777777777777777777788888877777777777777777777777777777777777777777777777777777777777777777777777777777777777777777777
7777777777777777777777777777777777777777777777777777777777777777777777777777777777777777778777777877777777787777777877787777878777077787777777777777777777778870787788878888878887778778788777878877777778778877787777777887770877777777877878787878888777777808788778787778777877777877777777887777777777777777777777777787777777777777787778877777777887777777777777878777777777877877777777887777877780008777787777787778777877778778777877777788877777877787787777777777777788787778777777778878777788777777777888778777777777777777887777887788877777777777777888887777777777777777777777777777777777777777777777777777777777777777777777777777777777777777
7777777777777777777777777777777777777777777777777777777777777777777777777777777777777777778777777877777777877778778877807778787778077777787777877777777777787788777888888788788777777778877777788788877777788777877777777877770777777777777777778887888887778780877877877777877777777777777788808777778777777777777777777778777777777777778877788777778877777777777778777777777778777777878777877778777800087777887787787778778877788778777777777807877887777887777777777777787788787788777777777788788788777777777887777788777787777777887788877887777777777777777777788888877777777777777777777777777777777777777777777777777777777777777777777777777777777777
7777777777777777777777777777777777777777777777777777777777777777777777777777777777777777788778778877777778877788778777887778887778877777887778777777777787777887777777777777877787787777777877877887777877787778878777777777780777777777777777777778877877787888087787777877777777777777777788888878787877777777777777777777787777777777777788778877778777778777877778787787777787777778777778778787778080077777877887877777778777787788777777777087877887777777777777777777877787777787877777778788787788777777778887777777777777777777777777778877777777777777777777777778888888777777777777777777777777777777777777777777777777777777777777777777777777777777
7777777777777777777777777777777777777777777777777777777777777777777777777777777777777777787777788777777788787787777778078788777778077777777777777787777887788877777777777777777877877777778877778877788777877788788777787777788777777777777777777777777777778787808777777777877877887778777778777887778787777777777777777777777777777777777778877887788777777777777787877877787777777777787788777877780800877778777877877787778777877787777777778877778777778778777777777777777787777877877777787787887788777778778077777777777777777777777777787777777777777777777777777777777778888777777777777777777777777777777777777777777777777777777777777777777777777777
7777777777777777777777777777777777777777777777777777777777777777777777777777777777777777887777887777777787778877777780878787777778877777777778787787777077887777777777777778778788777777778777787778787777777787887778877778808777777787787788777777777777777777807777778777887887788778878778877807877878777777777777777777777777777777777777807788787777787778777777777877777777777777877787777877708808777778777878777777787778877877777777788777787777787777777777777777777787778877778777887788877787777777778887777777777777787777777777877777777777777777777777777777777777778887777777777777777777777777777777777777777777777777777777777777777777777777
7777777777777777777777777777777777777777777777777777777777777777777777777777777777777777877888777777777887777777778870887887787787777778777777787787770880877777777777787788787887777777787777777788787777777778877788888888887777777787787787787787777777777778077787788777807787888777787877077788787878777777777777777777777877877777778777778877887877787777777778778777877777877877777877878777888007777887778787777877877777777777777777707787887777777777777777777777777788778777778777877788777777777777777777777777777777777777777778877777777778778777777787787777777777777777777777777777777777777777777777777777777777777777777777777777777777777777
7777777777777777777777777777777777777777777777777777777777777777777777777777777777777778778087777777777877777778807778077877877887788778777777787877788707777777777778877877877777878778877788778877877777788787777888887777777777777787887877887787877887788780777787888787887778778787787787887778788787877777777777777777777787777777777788777888877777877787777777777778778777777778778878787777080087777877777777778777777777777787777777887877877787777877777877777777777787777777787778877888777777777777777777777777777777777777777778777777777777777777887887887787777777777777777777777777777777777777777777777777777777777777777777777777777777777777
7777777777777777777777777777777777777777777777777777777777777777777777777777777777777708788777777777778878877788877887808777888878777878777787777877777087777777777787777777777778887788777778887778877777787877780877777878887777777787877877877877877877877807877887887787887778787878778788707777878778777777777777777777777777777777778788777770878777877777777777787777777777778787778787777778000077777777787777777777777778777787777778077878777777777777788777777777777887777777787787777887777777787777877777777777777777777777777887777777778777778778877778877887777777777777777777777777777777777777777777777777777777777777777777777777777777777777
7777777777777777777777777777777777777777777777777777777777777777777777777777777777778887887777777877778778777808778777788788887887777787777787877778770877877777778877777887777788877787777788777778777777878777807777777888887777777777777777777878778778778078777877887787878778878877777878878777887877788777777777777777777777877777777878877788778777777777777777877777777777777877787877777770800877777877877887877777777787777877787778878877777777787777777777777877777887777877887787778777777777787778877777777777777777777777777877777777777777788888777788777777777777777777777777777777777777777777777777777777777777777777777777777777777777777777
7777777777777777777777777777777777777777777777777777777777777777777777777777777777788778877877777777787787788877887777778888777778777778787777877777788777777787788877877877778788777777778887778787777878778778077777777888777777777777777777777778788787780778777878887787887777878777777787888887787787777778777877777777777777787777777787887700888777777777777778777777777777777777877777777780800777778877877877877777777787778777777780778777777777777777777777777777778877777777877777788777777887777778887777777777777777777777778777777777777777888877778877777777877777777777777777777777777777777777777777777777777777777777777777777777777777777777
7777777777777777777777777777777777777777777777777777777777777777777777777777777778887788778777777777877877888888777777888878777887887778887777877787807778777877888778778777787877787777788777788877778787777770777777778777778777777777777777777777777887807787778878887787887777887777777777788888777788787877777887777777777778778778777878788808777787777777777777777777777777777778877777877708008787778877877877777777777877787777777788788777777777777777777777777777788777888777878777788777777877777777788877777777777777777777777777777777777788888877788777777778877777777777777777777777777777777777777777777777777777777777777777777777777777777777
7777777777777777777777777777777777777777777777777777777777777777777777777777777788777887787777877777777778877777777888877887888887778877877778777877087787778778887777787777777777887777887777777777777777777708777878777777787777777777777777777777777777087887777777787777787777777777777777777887887778778787877787777777777777778877878787778077787787777777777777777777777777777778777777877808087787788777877778777777777877877777777788787777777777777777777777777777887877887778877777788777877877777777778877788777777878778777787777777777778877777777887777777777777777777777777777777777777777777777777777777777777777777777777777777777777777777777
7777777777777777777777777777777777777777777777777777777777777777777777777777777887778777777778888887777888777777888887777777777777888777777788777770877777787888877777777778888788878800088888887777777777777087778878778777777787887778777777777787777778087887788778777777777778877777777777777788788877778887787778787777777777777877787778770877777787777777777777777777777777777778777777777000077787788778778778777777778777877777777708877777777777777777777777778788878877887778777777888777777877777777788877778878777778777777777777777777788777777778877777777777777777777777777777777777777777777777777777777777777777777777777777777777777777777777
7777777777777777777777777777777777777777777777777777777777777777777777777777778778887777888888888888888877788888887777778888888888877777777777777788777778878888777778888888800888888808777788888888888888888087778778777777877787877777777777777787777888808788878777877778778778077877777877887878877888777888778777777777777777777787778787808777777787777777777777777777777777777778777877778000877887787778777787777877787778777777777708877777777777777777777777778788778778787777777778878777777887777777778877777777777777777787877777777777777777777778877777777777777777777777777777777777777777777777777777777777777777777777777777777777777777777777
7777777777777777777777777777777777777777777777777777777777777777777777777777788888877888877777777778808888888778888888888887777777888888778778877708777787777777788888887777777777777777777777777777778888888888887788777777877787877777778787877777770888880777887877787777877877887788877787788788877778888888877888877777777777777777777778807787777877777777777777777777777777777788777877778000777877887787787887778777877787777777777708778777777777777777777777778770787788787777777778778777777887777777778877777777777777777777877777788777777777777788777777777777777777777777777777777777777777777777777777777777777777777777777777777777777777777777
7777777777777777777777777777777777777777777777777777777777777777777777777778878888888877777777777808888777777777777777777777777877777888888777877887777888888888887777777777777777777777777777777777777777777777788888778777877788877777778787877778888877880077787887788777787887788778888778777777887777780888887808888887777778888777777778077777777877777777777777777777877777777788778877780008777877877787877877777777877787778777777807777777777777777777777777778778087777787777777778778777777887877887877877777777777778778778777877888777777777777887777777777777777787777777777777777777777777777777777777777777777777777777777777777777777777777777
7777777777777777777777777777777777777777777777777777777777777777777777777778887808877777777777778877777777777777777778777777777777788777788877778878888888888777777777777777777777777787887777777777777777777777777788888778777788778787788787877788877778888087778787878777778788878877878808888888808888888087888807777888888880788888877780777877777877787777777777777777777777777787778887780007778778777877877877787778777877778777777887777777787777777777777777778778077777777777887788777787777808777877887877777777777777778778778877777777777777777877777777777777777777777777777777777777777777777777777777777777777777777777777777777777777777777777
7777777777777777777777777777777777777777777777777777777777777777777777777788877877777777777777777777777777888777777777777777777777777787777808888888877777777777777777778777777777777777777777777777777777777777777777788887777787778787778787878007887888880808778788778878878878887887777778877788877777887777777877777777788880777777888808778787778777787777777777777777777777777877778887780087778778777878778777887787778777787777777087788777877777787777777777778777887777777777877787777777778887778788877887777777777777777778778777777777777877777877777777877777777777777777777777777777777777777777777777777777777777777777777777777777777777777777
7777777777777777777777777777777777777777777777777777777777777777777777778077777777777777777777777777777777777777777777777777777777777788777778088877777778777777777877777777777777777777777777777777777787777777777777777888877777777787788888880888888888888880777878787877877887888778878888087788777777787777777877777777777777787778777087778787778777777777777777777777778777777877788777800877778788778778778777877777787777787777770877787777777777777777777777778877808788777777877787777777788888887888888877777777777777787787777777777777778777778877777777777777777777777777777777777777777777777777777777777777777777777777777777777777777777777777
7777777777777777777777777777777777777777777777777777777777777777777777778777777777777777777777777777777777777777777777777777777777777777777778877777777777787777777777777777777777777777777777777777777777777787777777788777888888888888888888000880008888888888077887787877787787788877888888877778777777777777777778777777777777777777770877787777787777877777777777777777778777777777787777800877787787788787788778777877787777877777788777787777777777777777777777778877788778777777877777777777808777778778877777777777777777887787777777777778777777778877777777777777777777777787777777777777777777777777777777777777777777777777777777777777777777777777
7777777777777777777777777777777777777777777777777777777777777777777777777777777777777777777777777777787777777777777777777777777777777777777777777777777877777777777777777777777777777777777777777777787777777777788777777777777787787777777777888887778888888888808887777777788778778877778877888777777877778777777777777777777777777777788777787877787778877777777777777777777777778777777777008777877877787787787788778777877777877777887777777777778777777777777777777777887777777778877777777777808777787788777777777777777777887787777777787787777777778777777777777777777777777787777777777777777777777777777777777777777777777777777777777777777777777777
7777777777777777777777777777777777777777777777777777777777777777777777787777777777777777787777777777777777777777777777777777777777777777777777787777777887777777777777777777777777778777777777777777777777777777777777777777777777777777777778778777777777777778880888888777778888888877777777778888777777777777777777777777777777777777887777878777877778777777777777777787777777777777778778007777877877888877878887787777777778777778077778877777777777777777777777777788877777778778877777777777888777787887777777877777777777877787777787787777777777788777777777777777777777777777777777777777777777777777777777777777777777777777777777777777777777777777
7777777777777777777777777777777777777777777777777777777777777777777778777777777777777777777887777777777777777777777777777777778777777777777778777777777777777777777777778777777777777777777777777777777877777777777777887777777777788777787777777777777777777777777777778888888877888888888888888888808777788777777777777777777777777778088878777778777788777877777777777777777777777777777770087778778788878778877777777777777777777777887777777877787777777777777777777887777777778878777777787778777777887887777777777887777777877787777887887777777777788777777777777777777777777777777777777777777777777777777777777777777777777777777777777777777777777777
7777777777777777777777777777777777777777777777777777777777777777777777777777777777777777777777777777777777777777787777777777777777777777777777777777777777777777777777777777777777777777777777777887777777777777777777777777777777777777787777777877777777777787777777777777787777777777787777778777788887788777777777777777777777777780887777777788778887777777777777777777777777777777777780077788787788777787777777777778777777777777807777777777777777778777777777788777787777778877777777777777777778878877777777777778877878877787777877777777777877788777777788777777777777777777777777777777777777777777777777777777777777777777777777777777777777777777
7777777777777777777777777777777777777777777777777777777777777777777777877777777777777777777777777777777777777777777777777777777777777777777777777777777777777777777777777777778777777777777777777777777777777777777777777877777778777777777777887777777777877777777777777777777777777777777777777777777777777777777777777777777777777887777777777777777777777777777777778777777777777777777700877777777777777777778778877787777778777877708778777777777777787777777777887778877777878887777777777777787778888777777777778777777787777777777877777777778877788777777787777777777777777777777777777777777777777777777777777777777777777777777777777777777777777777
7777777777777777777777777777777777777777777777777777777777777777777777777777777777777777777777777777777777777777777777777777777777777777777777777777777777777777777777777777777777777777777777777777777777777777777777777777777777777777777787777777777777777777777777777777877777777778877777778877777777788777777777777777777777788877777877777777777777777777777777788777777777777778777808777777778877777777777788777877777788777777888788778777777777777777778788877788777777878877777787778777888778887777777777778777777777777887877777777777778777787777777777777777777777777877777777777777777777777777777777777777777777777777777777777777777777777777
7777777777777777777777777777777777777777777777777777777777777777777777777777777777777777777777777777777777777777777777777777777777777887777777777777777777777777777777777777777777777777777777777777777777777777777777777777777777777777777777777777777777777777777777877777777877777777777777777777777777777777777777777777777778887788788777787777777777777777777777887777777877877787878008777787788777777777777887788777777777777770877877777777777777777877787807778887788777878777777787778778877778877777777777777777777777777887877777777777787777787777777777777777777777777877777777777777777777777777777777777777777777777777777777777777777777777777
7777777777777777777777777777777777777777777777777777777777777777777777777777777778777777777777777777777777777777777777777777777787777777777777777777777777777777777777777777777777777777777777777777777777777777777777778777777777777777777777777777777777777788777777777777777877777777787777777777777777777777777777777777777888877877877778877878777777777777787777877788778778778878780087777777787777877787778777777777777777777780778878777777777778777777877887777777787778878877777787777777777778877777777777777777777777777877877777777787787777887777777777777777777777777877777777777777777777777777777777777777777777777777777777777777777777777777
7777777777777777777777777777777777777777777777777777777777777777777777777777777777777777777777777787777777777777777777777777787777777777777777777777777777777777777777777777777777877777777777777787777777777777777777777777777777777777777777777777777777777787777777777777777777777777778777777777777777777777777777777777788887788788777787787787777877788777877778777887787787788787808777777777877778777877787777877777777777777807788787777777777777777778877708777777787778878777877787778777777770877778777777777777777777777887877777777788877777887777777777777777787787777777777777777777777777777777777777777777777777777777777777777777777777777777
7777777777777777777777777777777777777777777777777777777777777777777777877777777777777777777777777777777777777777777777777777777777777777877777777777777777777777777777777777777777777777777777777777777777777877777777778877777777777777777777777777777777777777777777777777777777777777777778887778887777777777777777777788888878877887778878877877778777787778877788778777887877877878087777778778777777778877877787777778777777780877887787777777777787777777777788777777887770778777877887778777788788777777777777777777777777777787777777777887777777887777777777777777788788777777777777777777777777777777777777777777777777777777777777777777777777777777
7777777777777777777777777777777777777777777777777777777777777777777787777777777777777777777777777777777777777777777777777887777777778777777777777777777777777777777777777777777777777777777777777777777777777777777777777777777777777777777777777777777777777878777777777777777777777777777777778777777777777777777777778887887887788777788788788787788777877788777787788778778778778780077778887787777877787778877877887777777777708778877887787777777787777777787770778877877780778778877887778777787787777877777777777777777777777787777777778877777777887777777777777777778777777777777777777777777777777777777777777777777777777777777777777777777777777777
7777777777777777777777777777777777777777777777777777777777777777777877777777777777777777777777777777777777777777777777777777777777787777777777777777777777777777777777777777777777777777777777777777777777777777777777777777787777777777777777777777777777777777777777777777777777777777777777788777777777777777777778888778878878877778877877887887887778777787777877887788887787788888777788877877778777877787778877777777787777807788777877777777777877787777777778878877777788778778777887778777788777778877777877777777777777777787777777877777777777887777777787777777777777777777777778777777777777777777777777777777777777777777777777777777777777777777
7777777777777777777777777777777777777777777777777777777777777777777877777777777777777777777777777777777777777777777777778777777777777777777777777777777777777777777777777777777777777777777777777777777777777777777777777777787777777777777777777777777777777777777777777777777777777777777777777777777777777777777888877888887788777788778778778877877787777887778778877887878877808887778877888777787778777877787787777777777780877887888877777777777777777777777878877877777788778778877877788787787778777777778777777777777777777787777778777777777777887777777778777777777777777777777778777777777777777777777777777777777777777777777777777777777777777777
7777777777777777777777777777777777777777777777777777777777777777777777777777777777777777777777777777777777777777877777777777777777777777777777777777777777777777777777777777777777777777777777777777777777777777777777777777777777777777777777777877777777777777777777777777777777777777777777777777777777777777780877788887777887778877887787788778777887777877788788778788778778888877787777887777877787778777877887877777888808778877777777877777777777777777777877887777787777778778777877788787787777777777777777777777777777777787777777777777778777787777777778777777777777777877777777777777777777777777777777777777777777777777777777777777777777777777
7777777777777777777777777777777777777777777777777777777777777777778777777777777777777777777777777777777777777777877777777777777777777777777777777777777777777777777777777777777777777777777777777777777777777777787787777877777777777777777777777777777777777777777777777777777777777777777777777777777777777777788888887777788777788778878877887887778877778777887877788777787880888777777788777778777877887788778777777780888877887777777777778777777777777777777777887777887777788778777877787787787777778777777777777777777777778787777877777777778777887777777778777777777777777887777777777777777777777777777777777777777777777777777777777777777777777777
7777777777777777777777777777777777777777777777777777777777777777777777777777777777777777777777777777777777777777777777777777777777777777777777777777777777777777777777877777777777777777777777777777777777777777777777777777777777777777777777777777788777777777777777777777777777777777777777777777777777777777777788087778877778877888877778778877788777787888888887778888888887777777777777777787788778778877887777777807777777877777777777777777777777777777777777788777887777787778777877787787787787788777777778777777777777777787777877777777778777887777777777777777777777777877777877777777777777777777777777777777777777777777777777777777777777777777
7777777777777777777777777777777777777777777777777777777777777777777777777777777777777777777777777777777777777777777777777777777777777777777777777777777777777777777777777777777777777777777777777777777777777777777777777777777777777777777777777777777777777777777777777777777777777777777777777777777777777777777780888787777887778777777887787777777777887087777788888877777777778877877887778877877887777777777777788877778778777777777777777777777777777777777778788777887777788788778877787777787787787777778778777777777777777777788777777777788777877777777777777777778777777777777777777778777777777777777777777777777777777777777777777777777777777777
7777777777777777777777777777777777777777777777777777777777777777777777777777777777777777777777777777777777777777777777777777777777777777777777777777777777777777777777777777777777778777777777777777777777777777777777777777777777777777777777777777777777777777777777777777777777777777777777777777777777777777777777780087777777787777777877777777777777778087777777777787777887778887807707787777777777777777888778888777787787777777777777777777777777777777777777770877877777887788777777787877887787787777777787777777777778777777787777777777787777877777777777777777778777777777777777877778777777777777777777777777777777777777777777777777777777777777
7777777777777777777777777777777777777777777777777777777777777777777777777777777777777777777777777777777777777777777777777777777777777777777777777777777777777777777777777777777777777777777777777777777877777777777777777777777777777777777777777777777777777777777777777777777777777777777777777777777777777777777777777888888877777877777777777777787877878887777777778877788877888787788780777777778777777778877780877778877877788777777777777777777777777777777788778877877877877788778777787877887887777778777787777787778778777777787777777777787777877777777777777777777877777777777777887777777777777777777777777777777777777777777777777777777777777777
7777777777777777777777777777777777777777777777777777777777777777777777777777777777777777777777777777777777777777777777777777777777777777777777777777777777777777777777777777777777777777777777777777777777777777777777777777777777777777777777777777777777777777777777777777777777777777777777777777777777777777777777777777778888888887878877888888807787888777778888887777887788878787788878077777787777777788777087777887778777777777777777777777777777877777777787778077778877877787778777787877887887877878787877877777777777777777787777777787777777777777777777777777777877777777777777777777777777777777777777777777777777777777777777777777777777777777
7777777777777777777777777777777777777777777777777777777777777777777777777777777777777777777777777777777777777777777777777777777777777777777777777777777777777777777777777777777777777777777777777777777777777777777777777777777777777777777777777777777777777777777777777777777777777777777777777777777777777777777777887777777777788888888888888888888808888877808888888887777877778788788877807777787777788877780877778877787778777777777777777777777777777777777777777087788777877787778777887877877877878787877778777777777777777777887777787787777777777777777778777777777777777777778777777777777777777777777777777777777777777777777777777777777777777777
7777777777777777777777777777777777777777777777777777777777777777777777777777777777777777777777777777777777777777777777777777777777777777777777777777777777777777777777777777777777777777777777777777777777777777777777777777777777777777777777777777777777777777777777777777777777777777777777777777777777777777777877878877777777777777777777777777777778888887788777778888888777777787778887780877787777888777888777787777877787787777777777777777777777777777777777777887887778877877778777877777877878878777878787778777777777777778877777787787777777777777777777877777777777777777778877777778777777777777777777777777777777777777777777777777777777777777
7777777777777777777777777777777777777777777777777777777777777777777777777777777777777777777777777777777777777777777777777777777777777777777777777777777777777777777777777777777777777777777777777777777777777777777777777777777777777777777777777777777777777777777777777777777777777777777777777777777777777778777878777887787777777777777788777777877777777888888877777777788888777777778787770877787788877780877777877778777877877777777777777777777777777777777777788887087778777877787788888778878878887777777787778777877777777778777777777877777787777777787777877778777777777777777777787777877777777777777777777777777777777777777777777777777777777777
7777777777777777777777777777777777777777777777777777777777777777777777777777777777777777777777777777777777777777777777777777777777777777777777777777777777777777777777777777777777777777777777777777777777777777777777777777777777777777777777777777777777777777777777777777777777777777777777777777788877777887777777777777777777787777777777778777778877777887777777777778877788888777777788770877887887777808787778777787778777777777777777777778777777777777777778888778877788777777787778787777878888877878787877787777777777777788777777877777777877777777787777777777777777777777777777787777777777777777777777777777777777777777777777777777777777777777
7777777777777777777777777777777777777777777777777777777777777777777777777777777777777777777777777777777777777777777777777777777777777777777777777777777777777777777777777777777777777777777777777777777777777777777777777777777777777777777777777777777777777777777777777777777777777777777777777877778777778877887777878877777778777877777877777778888777777777778777887778877877788887777777778077878877778878877887777877787777777777777777777787777777777777777788877777777787777777777777777777888778778887878877877878778787777787777778877777778777777777777777777777777777777777777777788777777777777777777777777777777777777777777777777777777777777777
7777777777777777777777777777777777777777777777777777777777777777777777777777777777777777777777777777777777777777777777777777777777777777777777777777777777777777777777777777777777777777777777777777777777777777777777777777777777777777777777777777777777777777777777777777777777777777777777788777787777788777777777877777887777887777777777777777777777777777887777777777777877877788887777887808788777887777778777787777877877778777777777777877777777777777777887777887777877787777777777777777777777778888877777877777777777777887778777777777787777777877777777777777777777777777777777777777777778777777777777777777777777777777777777777777777777777777
7777777777777777777777777777777777777777777777777777777777777777777777777777777777777777777777777777777777777777777777777777777777777777777777777777777777777777777777777777777777777777777777777777777777777777777777777777777777777777777777777777777777777777777777777777777777777777777777887788877777787777777777787777787777877777777777777777777777777777787777877777777778777777788887888880877778077877887778877778777777787777777777777877777777777777788877778777777877787777787777777777777777777778777778778787777777778877788777777777777777777877777777777777777788777777777788777777787778777777777777777777777777777777777777777777777777777777
7777777777777777777777777777777777777777777777777777777777777777777777777777777777777777777777777777777777777777777777777777777777777777777777777777777777777777777777777777777777777777777777777777777777777777777777777777777777777777777777777777777777777777777777777777777777777778877777887777777777788788787778878777777778777777777777777777777777777777777777777778777788877777777888877888877788788878777787778877777777777777777777777777877777777777887777877777777777787777787877787787777777777777777777777887778777788777887777777777777777777877777777777777777778777777777788777777787777877777777777777777777777777777777777777777777777777777
7777777777777777777777777777777777777777777777777777777777777777777777777777777777777777777777777777777777777777777777777777777777777777777777777777777777777777777777777777777777777777777777777777777777777777777777777777777777777777777777777777777777777777777777777777777777777777877777887777777777777777777777777777777777777777777777777777777777777777777777777777777777777777877778888777777887887777777787777787777777787777877788777778877777777778877788777777777777887787787877887777777777877778777777777788877777887777777777777777777777778777777877777777777778777777877777777777778777877777777777777777777777777777777777777777777777777777
7777777777777777777777777777777777777777777777777777777777777777777777777777777777777777777777777777777777777777777777777777777777777777777777777777777777777777777777777777777777777777777777777777777777777777777777777777777777777777777777777777777777777777777777777777777777777777777777777777777777777777777777777777777888777777777777777777777777777777777777777777777777777777777777778887778888777777778877777887777877877778777777877877877777777788877787777777777777877787777877877877777778877877778777777777778778877777777777778777777777777777777777777777777777777777877777777777777777777777777777777777777777777777777777777777777777777777
7777777777777777777777777777777777777777777777777777777777777777777777777777777777777777777777777777777777777777777777777777777777777777777777777777777777777777777777777777777777777777777777777777777777777777777777777777777777777777777777777777777777777777777777777777777777777777777777777777777777777777777777778877777777777777777777777777777777787777777777777777877778778877787777877788887887777777887777788777778778877787777777777777777777877888777877777777777777877787877877878877877788778777777777777777777788777777777777787777777777787777777777777777777777777777777777777787777777777777777777777777777777777777777777777777777777777777
7777777777777777777777777777777777777777777777777777777777777777777777777777777777777777777777777777777777777777777777777777777777777777777777777777777777777777777777777777777777777777777777777777777777777777777777777777777777777777777777777777777777777777777777777777777777778777777777777778777777777777788777787777777777777777777777777777777777777777777777777777777777777777777777777778088877777788877777887777887787777877777777777777877877877877778777777787777778777877778778778788777887787778777777777877777887777787777777877777777777877777777777777777777777777777777777777787777777787777777777777777777777777777777777777777777777777777
7777777777777777777777777777777777777777777777777777777777777777777777777777777777777777777777777777777777777777777777777777777777777777777777777777777777777777777777777777777777777777777777777777777777777777777777777777777777777777777777777777777777777777777777777777777777777777777777777787777777777777777777777777777777877777777777777787777787777777777777777777777777777777777778777788888777777887777778877778877877778877777777778777877778878877777777777787777777777878778788787787778878878887788777887777778877777877777778777777777777777777777787777777777777777777777777877777777777788777777777777777777777777777777777777777777777777777
7777777777777777777777777777777777777777777777777777777777777777777777777777777777777777777777777777777777777777777777777777777777777777777777777777777777777777777777777777777777777777777777777777777777777777777777777777777777777777777777777777777777777777777777777777777777777777777777777777777777777777777777777777777777777777777777777777777777777777777777777777777777778877777777777808877777788778778888788887778777887777777777777777777878888777777777777887777777777777777787778877788788888777877777777777888777777777777787777787777777777778777777777777777777777777777777777787778777778777777777777777777777777777777777777777777777777777
7777777777777777777777777777777777777777777777777777777777777777777777777777777777777777777777777777777777777777777777777777777777777777777777777777777777777777777777777777777777777777777777777777777777777777777777777777777777777777777777777777777777777777777777777777777777777777788777777777777877777777777777778777777777777777777777777777777777777777777777877777777777777777777777777008777788888888888888888888888777777788888888777777878778887777778777777887777777787777777777777777877888877887778777777888877777777777787777777877777777777778777777777777777777778777777777777787777777778777777777777777777777777777777777777777777777777777
7777777777777777777777777777777777777777777777777777777777777777777777777777777777777777777777777777777777777777777777777777777777777777777777777777777777777777777777777777777777777777777777777777777777777777777777777777777777777777777777777777777777777777778777777777777777777777777777777777777877777777777777788777777777777777777777777777777777777777777777777777777777777777777777777788888008877777777777877777788888888888777888888878878878087777787777777877777777787777777777777777777777788777777788888877777777777777877777777777777777777777777777777777777777778777777777777778777877777777777777777777777777777777777777777777777777777777
7777777777777777777777777777777777777777777777777777777777777777777777777777777777777777777777777777777777777777777777777777777777777777777777777777777777777777777777777777777777777777777777777777777777777777777777777777777777777777777777777777777777777777777777777777777777787777777777777777777777777777777777777777777777777777777777777777777777777877777777777777777777777777878777777777880887787877777787777788777777887777777877788878880778087777787777777877777777887787777777877777877777877777778888777777777777777778777777777777787777777777777777777777777777777877777777777777777877778777777777777777777777777777777777777777777777777777
7777777777777777777777777777777777777777777777777777777777777777777777777777777777777777777777777777777777777777777777777777777777777777777777777777777777777777777777777777777777777777777777777777777777777777777777777777777777777777777777777777777777777777777777777777777777777777777777777777777777777777777777777777777777777777777777777777777777777777777777777777777777777777788777777777777777777777778777777777777778777787777888088877778878077777777777778777787777877787787778777788777887777777788777777777777777877877777777777777877777777777777777777777777787778877777777777777777877777877777777777777777777777777777777777777777777777777
7777777777777777777777777777777777777777777777777777777777777777777777777777777777777777777777777777777777777777777777777777777777777777777777777777777777777777777777777777777777777777777777777777777777777777777777777777777777777777777777777777777777777777777777777777777777777777777777777777777777777777777777777777787777777777777777777777777777777777777777777777777777778777777777777777777777777777777787787777887777787777777777777888877888087777777777778777887778877877787788777877788877788778887777777777777788777777777777777778777777777777777777777777777787778777787777777777777777777877777777777777777777777777777777777777777777777777
7777777777777777777777777777777777777777777777777777777777777777777777777777777777777777777777777777777777777777777777777777777777777777777777777777777777777777777777777777777777777777777777777777777777777777777777777777777777777777777777777777777777777777777777777777777777777777777777877777777777777777777777777777777777777777777777777777777777777777777777777777777788777777777777777778777777777777777787777777778777777777777777777777888888888777777777777777877778777877877887788778887777887788877778877777877887777777777877777777777777777777777777877777877787777777777777787778777777777887777777777777777777777777777777777777777777777777
7777777777777777777777777777777777777777777777777777777777777777777777777777777777777777777777777777777777777777777777777777777777777777777777777777777777777777777777777777777777777777777777777777777777777777777777777777777777777777777777777777777777777777777777777777877777777777777777777777777777777777777777777777777778777777777777777777777777777777777777777777777777777777777777777777777787777777777777777777777777777778777777777787778888008887777777777777777787778777778878877888777788778887777887777788777777777777778877777777777777877777777777887777877787777777777777787778777777777787777777777777777777777777777777777777777777777777
7777777777777777777777777777777777777777777777777777777777777777777777777777777777777777777777777777777777777777777777777777777777777777777777777777777777777777777777777777777777777777777777777777777777777777777777777777777777777777777777777777777777777777777777777777777777777777777777777777777777777777777777777777777777777777777777777777777777777777777777777777777777777777877777777777777777777777777777777777877777777778777777777777777777888888877777777777878777777777788887788777778888888877788777777887777777777777787777777777777778877777777777787777877787777777777777787778877777777777777777777777777777777777777777777777777777777777
7777777777777777777777777777777777777777777777777777777777777777777777777777777777777777777777777777777777777777777777777777777777777777777777777777777777777777777777777777777777777777777777777777777777777777777777777777777777777777777777777777777777777777777777777777777777777777777777777777777777777777777777777777777777777777777777777777777777777777777777777777777777777777777777777777777777778877787777777777777777777777777777787777777777777888887777777777887777777777777777777777888888887777777777777777777777777777777777777777777778777777777777887777777777777777777777777777777777777777777777777777777777777777777777777777777777777777
7777777777777777777777777777777777777777777777777777777777777777777777777777777777777777777777777777777777777777777777777777777777777777777777777777777777777777777777777777777777777777777777777777777777777777777777777777777777777777777777777777777777777777777777787777777777777777777777777777777777777777777777777777777777777777777777777777777777777777777777777777777777777777777777777777777777777777777777777777777777777777777777777777777777777778800877777777877777777777777777777777777777777777777777777777777777778777777777777777777777777777777777777777777777777777777777777777777777777777777777777777777777777777777777777777777777777777
7777777777777777777777777777777777777777777777777777777777777777777777777777777777777777777777777777777777777777777777777777777777777777777777777777777777777777777777777777777777777777777777777777777777777777777777777777777777777777777777777777777777777777777777777777777777777777777777777777777777777777777777777777777777777777777777777777777777777777777777777777777777777777777777777777777777777777777777777777777777777777777777777777777777777777778008777788777777777777777777777777777777777777777777777777777777777777777777777777777777777777777777777777777777777777777777777777777777777777777777777777777777777777777777777777777777777777
7777777777777777777777777777777777777777777777777777777777777777777777777777777777777777777777777777777777777777777777777777777777777777777777777777777777777777777777777777777777777777777777777777777777777777777777777777777777777777777777777777777777777777777777777777777777777777777777777777777787777777777777777777777777777777777777777777777777777777777777777777777777777777777777777777777777777777777777777777777777777777777777777777777777777777777788777777777777777777777777777777777777777777777777777777777777777777777777777777777777777777777777777777777777777777777777777777777777777777777777777777777777777777777777777777777777777777
